,Initial Steps,Average Steps,Last Week Steps,Week Number,DiPS
0,11358.0,11993.0,12628.0,2.0,1.0
1,11358.0,12372.0,13386.0,3.0,1.0
2,11358.0,11388.0,11418.0,4.0,0.0
3,11358.0,11258.5,11159.0,5.0,0.0
4,11358.0,10776.5,10195.0,6.0,0.0
5,11358.0,11306.0,11254.0,7.0,0.0
6,11358.0,9925.5,8493.0,8.0,0.0
7,11358.0,9739.0,8120.0,9.0,0.0
8,11358.0,8582.0,5806.0,10.0,0.0
9,11358.0,11100.0,10842.0,11.0,0.0
10,11358.0,11003.5,10649.0,12.0,1.0
11,11358.0,12091.0,12824.0,13.0,1.0
12,11358.0,11462.0,11566.0,14.0,0.0
13,11358.0,9411.0,7464.0,15.0,0.0
14,11358.0,9218.0,7078.0,16.0,0.0
15,11358.0,9658.0,7958.0,17.0,0.0
16,11358.0,9866.5,8375.0,18.0,0.0
17,11358.0,11155.0,10952.0,19.0,0.0
18,11358.0,10888.0,10418.0,20.0,0.0
19,11358.0,8619.5,5881.0,21.0,0.0
20,11358.0,10033.0,8708.0,22.0,0.0
21,11358.0,10329.0,9300.0,23.0,0.0
22,11358.0,10483.0,9608.0,24.0,0.0
23,11358.0,9083.5,6809.0,25.0,0.0
24,11358.0,9805.0,8252.0,26.0,0.0
25,11358.0,8615.5,5873.0,27.0,0.0
26,11358.0,10511.0,9664.0,28.0,1.0
27,11358.0,11728.0,12098.0,29.0,1.0
28,11358.0,12236.5,13115.0,30.0,0.0
29,11358.0,10705.0,10052.0,31.0,0.0
30,11358.0,9708.0,8058.0,32.0,0.0
31,11358.0,9411.0,7464.0,33.0,0.0
32,11358.0,9373.0,7388.0,34.0,0.0
33,11358.0,9682.0,8006.0,35.0,0.0
34,11358.0,8461.0,5564.0,36.0,0.0
35,11358.0,9294.0,7230.0,37.0,0.0
36,11358.0,10575.5,9793.0,38.0,0.0
37,11358.0,10455.0,9552.0,39.0,0.0
38,11358.0,10285.0,9212.0,40.0,0.0
39,11358.0,9220.5,7083.0,41.0,0.0
40,11358.0,10911.5,10465.0,42.0,1.0
41,11358.0,11706.0,12054.0,43.0,1.0
42,6838.0,6231.5,5625.0,2.0,1.0
43,6838.0,7833.5,8829.0,3.0,0.0
44,6838.0,4972.5,3107.0,4.0,1.0
45,6838.0,9414.0,11990.0,5.0,1.0
46,6838.0,13221.5,19605.0,6.0,1.0
47,6838.0,8455.0,10072.0,7.0,1.0
48,6838.0,13999.5,21161.0,8.0,1.0
49,6838.0,11234.0,15630.0,9.0,1.0
50,6838.0,13133.5,19429.0,10.0,1.0
51,6838.0,11751.5,16665.0,11.0,1.0
52,6838.0,13003.0,19168.0,12.0,1.0
53,6838.0,12214.0,17590.0,13.0,1.0
54,6838.0,13616.5,20395.0,14.0,1.0
55,6838.0,13187.5,19537.0,15.0,1.0
56,6838.0,12712.0,18586.0,16.0,1.0
57,6838.0,8497.0,10156.0,17.0,1.0
58,6838.0,12457.5,18077.0,18.0,1.0
59,6838.0,14108.5,21379.0,19.0,1.0
60,6838.0,11745.5,16653.0,20.0,1.0
61,6838.0,9469.0,12100.0,21.0,1.0
62,6838.0,13493.0,20148.0,22.0,1.0
63,6838.0,12699.0,18560.0,23.0,1.0
64,6838.0,16180.0,25522.0,24.0,1.0
65,6838.0,14664.5,22491.0,25.0,1.0
66,6838.0,11239.5,15641.0,26.0,1.0
67,6838.0,15299.5,23761.0,27.0,1.0
68,6838.0,11214.0,15590.0,28.0,1.0
69,6838.0,12892.5,18947.0,29.0,1.0
70,6838.0,11308.0,15778.0,30.0,1.0
71,6838.0,13313.0,19788.0,31.0,1.0
72,6838.0,12207.0,17576.0,32.0,1.0
73,6838.0,11217.5,15597.0,33.0,1.0
74,6838.0,13230.5,19623.0,34.0,1.0
75,6838.0,11304.0,15770.0,35.0,1.0
76,6838.0,11224.5,15611.0,36.0,1.0
77,6838.0,10673.0,14508.0,37.0,1.0
78,6838.0,15619.5,24401.0,38.0,1.0
79,6838.0,11282.0,15726.0,39.0,1.0
80,6838.0,11017.0,15196.0,40.0,1.0
81,6838.0,13657.0,20476.0,41.0,1.0
82,6838.0,11842.0,16846.0,42.0,1.0
83,6838.0,13023.5,19209.0,43.0,1.0
84,9454.0,7021.5,4589.0,2.0,0.0
85,9454.0,8944.0,8434.0,3.0,0.0
86,9454.0,7365.5,5277.0,4.0,0.0
87,9454.0,8985.5,8517.0,5.0,1.0
88,9454.0,9944.0,10434.0,6.0,1.0
89,9454.0,10429.5,11405.0,7.0,1.0
90,9454.0,10894.0,12334.0,8.0,0.0
91,9454.0,9203.0,8952.0,9.0,0.0
92,9454.0,7146.0,4838.0,10.0,1.0
93,9454.0,10100.0,10746.0,11.0,1.0
94,9454.0,10037.5,10621.0,12.0,1.0
95,9454.0,9985.0,10516.0,13.0,1.0
96,9454.0,9955.0,10456.0,14.0,0.0
97,9454.0,7555.5,5657.0,15.0,1.0
98,9454.0,9572.0,9690.0,16.0,0.0
99,9454.0,8037.5,6621.0,17.0,1.0
100,9454.0,9653.0,9852.0,18.0,1.0
101,9454.0,10400.0,11346.0,19.0,1.0
102,9454.0,11023.5,12593.0,20.0,0.0
103,9454.0,8742.0,8030.0,21.0,0.0
104,9454.0,8906.5,8359.0,22.0,0.0
105,9454.0,7788.5,6123.0,23.0,1.0
106,9454.0,10530.5,11607.0,24.0,1.0
107,9454.0,9945.0,10436.0,25.0,1.0
108,9454.0,10646.5,11839.0,26.0,1.0
109,9454.0,10103.0,10752.0,27.0,0.0
110,9454.0,8953.0,8452.0,28.0,1.0
111,9454.0,10431.0,11408.0,29.0,0.0
112,9454.0,8657.5,7861.0,30.0,1.0
113,9454.0,11886.0,14318.0,31.0,0.0
114,9454.0,8031.5,6609.0,32.0,1.0
115,9454.0,10927.5,12401.0,33.0,0.0
116,9454.0,8340.0,7226.0,34.0,1.0
117,9454.0,9857.0,10260.0,35.0,1.0
118,9454.0,10322.5,11191.0,36.0,0.0
119,9454.0,9262.5,9071.0,37.0,0.0
120,9454.0,8970.0,8486.0,38.0,1.0
121,9454.0,9864.0,10274.0,39.0,1.0
122,9454.0,9713.0,9972.0,40.0,0.0
123,9454.0,8351.0,7248.0,41.0,0.0
124,9454.0,9141.5,8829.0,42.0,1.0
125,9454.0,10439.5,11425.0,43.0,0.0
126,5134.0,3795.5,2457.0,2.0,0.0
127,5134.0,3882.5,2631.0,3.0,0.0
128,5134.0,3168.0,1202.0,4.0,0.0
129,5134.0,4050.5,2967.0,5.0,0.0
130,5134.0,4806.0,4478.0,6.0,0.0
131,5134.0,5038.0,4942.0,7.0,0.0
132,5134.0,4856.5,4579.0,8.0,0.0
133,5134.0,4057.0,2980.0,9.0,0.0
134,5134.0,4549.5,3965.0,10.0,0.0
135,5134.0,3398.5,1663.0,11.0,0.0
136,5134.0,3921.5,2709.0,12.0,0.0
137,5134.0,5104.0,5074.0,13.0,0.0
138,5134.0,4908.5,4683.0,14.0,0.0
139,5134.0,4928.0,4722.0,15.0,0.0
140,5134.0,4775.5,4417.0,16.0,0.0
141,5134.0,4801.0,4468.0,17.0,0.0
142,5134.0,4871.5,4609.0,18.0,0.0
143,5134.0,4300.0,3466.0,19.0,0.0
144,5134.0,3852.0,2570.0,20.0,0.0
145,5134.0,4990.5,4847.0,21.0,1.0
146,5134.0,5249.0,5364.0,22.0,0.0
147,5134.0,4391.0,3648.0,23.0,0.0
148,5134.0,4817.5,4501.0,24.0,0.0
149,5134.0,4582.0,4030.0,25.0,0.0
150,5134.0,5110.5,5087.0,26.0,0.0
151,5134.0,4714.5,4295.0,27.0,0.0
152,5134.0,4315.0,3496.0,28.0,0.0
153,5134.0,5090.0,5046.0,29.0,0.0
154,5134.0,4985.0,4836.0,30.0,0.0
155,5134.0,4556.5,3979.0,31.0,0.0
156,5134.0,4878.0,4622.0,32.0,0.0
157,5134.0,4558.5,3983.0,33.0,0.0
158,5134.0,3565.0,1996.0,34.0,0.0
159,5134.0,4943.5,4753.0,35.0,0.0
160,5134.0,4862.5,4591.0,36.0,0.0
161,5134.0,4786.5,4439.0,37.0,0.0
162,5134.0,5057.0,4980.0,38.0,0.0
163,5134.0,4446.5,3759.0,39.0,0.0
164,5134.0,4885.5,4637.0,40.0,0.0
165,5134.0,4400.0,3666.0,41.0,0.0
166,5134.0,4351.5,3569.0,42.0,0.0
167,5134.0,4284.5,3435.0,43.0,0.0
168,631.0,696.5,762.0,2.0,1.0
169,631.0,896.5,1162.0,3.0,1.0
170,631.0,957.5,1284.0,4.0,1.0
171,631.0,1112.0,1593.0,5.0,1.0
172,631.0,955.0,1279.0,6.0,1.0
173,631.0,1261.0,1891.0,7.0,1.0
174,631.0,1380.5,2130.0,8.0,1.0
175,631.0,1214.5,1798.0,9.0,1.0
176,631.0,980.0,1329.0,10.0,1.0
177,631.0,1529.5,2428.0,11.0,1.0
178,631.0,945.0,1259.0,12.0,1.0
179,631.0,1005.0,1379.0,13.0,1.0
180,631.0,1054.0,1477.0,14.0,1.0
181,631.0,761.5,892.0,15.0,1.0
182,631.0,1567.0,2503.0,16.0,1.0
183,631.0,1712.5,2794.0,17.0,1.0
184,631.0,1247.0,1863.0,18.0,1.0
185,631.0,1208.0,1785.0,19.0,1.0
186,631.0,1230.0,1829.0,20.0,1.0
187,631.0,864.5,1098.0,21.0,1.0
188,631.0,1344.5,2058.0,22.0,1.0
189,631.0,1215.5,1800.0,23.0,1.0
190,631.0,1685.0,2739.0,24.0,1.0
191,631.0,1416.0,2201.0,25.0,1.0
192,631.0,923.0,1215.0,26.0,1.0
193,631.0,1263.0,1895.0,27.0,1.0
194,631.0,1013.0,1395.0,28.0,1.0
195,631.0,1426.0,2221.0,29.0,1.0
196,631.0,1243.5,1856.0,30.0,1.0
197,631.0,900.5,1170.0,31.0,1.0
198,631.0,983.0,1335.0,32.0,1.0
199,631.0,1368.5,2106.0,33.0,1.0
200,631.0,1071.5,1512.0,34.0,1.0
201,631.0,1137.0,1643.0,35.0,1.0
202,631.0,1307.5,1984.0,36.0,1.0
203,631.0,1078.5,1526.0,37.0,1.0
204,631.0,1417.0,2203.0,38.0,1.0
205,631.0,1546.5,2462.0,39.0,1.0
206,631.0,1170.0,1709.0,40.0,1.0
207,631.0,1221.0,1811.0,41.0,1.0
208,631.0,1428.5,2226.0,42.0,1.0
209,631.0,1441.5,2252.0,43.0,1.0
210,12138.0,11991.5,11845.0,2.0,0.0
211,12138.0,11953.5,11769.0,3.0,0.0
212,12138.0,11700.5,11263.0,4.0,0.0
213,12138.0,11581.5,11025.0,5.0,1.0
214,12138.0,12635.0,13132.0,6.0,0.0
215,12138.0,10759.5,9381.0,7.0,0.0
216,12138.0,11900.0,11662.0,8.0,0.0
217,12138.0,11693.0,11248.0,9.0,0.0
218,12138.0,9976.0,7814.0,10.0,0.0
219,12138.0,11114.0,10090.0,11.0,0.0
220,12138.0,11040.0,9942.0,12.0,1.0
221,12138.0,13071.0,14004.0,13.0,0.0
222,12138.0,11862.0,11586.0,14.0,0.0
223,12138.0,10314.5,8491.0,15.0,0.0
224,12138.0,10872.5,9607.0,16.0,0.0
225,12138.0,11120.5,10103.0,17.0,0.0
226,12138.0,10886.5,9635.0,18.0,0.0
227,12138.0,11495.5,10853.0,19.0,1.0
228,12138.0,13293.0,14448.0,20.0,0.0
229,12138.0,11405.0,10672.0,21.0,0.0
230,12138.0,11096.0,10054.0,22.0,0.0
231,12138.0,11736.5,11335.0,23.0,0.0
232,12138.0,10934.0,9730.0,24.0,0.0
233,12138.0,10663.0,9188.0,25.0,0.0
234,12138.0,10229.5,8321.0,26.0,0.0
235,12138.0,10310.0,8482.0,27.0,0.0
236,12138.0,11521.5,10905.0,28.0,0.0
237,12138.0,11989.5,11841.0,29.0,0.0
238,12138.0,10772.5,9407.0,30.0,1.0
239,12138.0,12350.5,12563.0,31.0,0.0
240,12138.0,10213.0,8288.0,32.0,1.0
241,12138.0,12839.0,13540.0,33.0,0.0
242,12138.0,10365.0,8592.0,34.0,0.0
243,12138.0,10230.5,8323.0,35.0,0.0
244,12138.0,11969.5,11801.0,36.0,0.0
245,12138.0,12060.0,11982.0,37.0,0.0
246,12138.0,12032.0,11926.0,38.0,0.0
247,12138.0,11829.5,11521.0,39.0,0.0
248,12138.0,11007.5,9877.0,40.0,0.0
249,12138.0,11806.0,11474.0,41.0,1.0
250,12138.0,12683.0,13228.0,42.0,0.0
251,12138.0,10991.0,9844.0,43.0,0.0
252,3324.0,4297.0,5270.0,2.0,1.0
253,3324.0,4132.5,4941.0,3.0,1.0
254,3324.0,5762.5,8201.0,4.0,1.0
255,3324.0,5120.5,6917.0,5.0,1.0
256,3324.0,4659.5,5995.0,6.0,1.0
257,3324.0,4238.5,5153.0,7.0,1.0
258,3324.0,4087.0,4850.0,8.0,1.0
259,3324.0,5127.0,6930.0,9.0,1.0
260,3324.0,4184.0,5044.0,10.0,1.0
261,3324.0,6006.5,8689.0,11.0,1.0
262,3324.0,3790.0,4256.0,12.0,1.0
263,3324.0,4144.0,4964.0,13.0,1.0
264,3324.0,4999.5,6675.0,14.0,1.0
265,3324.0,5475.5,7627.0,15.0,1.0
266,3324.0,4363.0,5402.0,16.0,1.0
267,3324.0,5065.5,6807.0,17.0,1.0
268,3324.0,4136.5,4949.0,18.0,1.0
269,3324.0,3514.5,3705.0,19.0,1.0
270,3324.0,4409.5,5495.0,20.0,1.0
271,3324.0,4002.5,4681.0,21.0,1.0
272,3324.0,4701.5,6079.0,22.0,1.0
273,3324.0,6384.5,9445.0,23.0,1.0
274,3324.0,4507.5,5691.0,24.0,1.0
275,3324.0,3871.5,4419.0,25.0,1.0
276,3324.0,3542.5,3761.0,26.0,1.0
277,3324.0,6450.5,9577.0,27.0,1.0
278,3324.0,4507.0,5690.0,28.0,1.0
279,3324.0,4921.0,6518.0,29.0,1.0
280,3324.0,5480.5,7637.0,30.0,1.0
281,3324.0,5322.0,7320.0,31.0,1.0
282,3324.0,5012.0,6700.0,32.0,1.0
283,3324.0,4028.5,4733.0,33.0,1.0
284,3324.0,5300.5,7277.0,34.0,1.0
285,3324.0,4985.0,6646.0,35.0,1.0
286,3324.0,4486.5,5649.0,36.0,1.0
287,3324.0,5040.5,6757.0,37.0,1.0
288,3324.0,4690.0,6056.0,38.0,1.0
289,3324.0,5065.0,6806.0,39.0,1.0
290,3324.0,4735.0,6146.0,40.0,1.0
291,3324.0,4925.0,6526.0,41.0,1.0
292,3324.0,6353.0,9382.0,42.0,1.0
293,3324.0,4230.0,5136.0,43.0,1.0
294,6427.0,5714.0,5001.0,2.0,0.0
295,6427.0,4581.0,2735.0,3.0,0.0
296,6427.0,5459.0,4491.0,4.0,0.0
297,6427.0,6301.5,6176.0,5.0,0.0
298,6427.0,5886.5,5346.0,6.0,0.0
299,6427.0,6123.5,5820.0,7.0,0.0
300,6427.0,6256.5,6086.0,8.0,1.0
301,6427.0,6525.5,6624.0,9.0,0.0
302,6427.0,4960.0,3493.0,10.0,0.0
303,6427.0,6334.0,6241.0,11.0,0.0
304,6427.0,6024.0,5621.0,12.0,0.0
305,6427.0,5963.5,5500.0,13.0,1.0
306,6427.0,6504.5,6582.0,14.0,0.0
307,6427.0,5764.5,5102.0,15.0,1.0
308,6427.0,6428.0,6429.0,16.0,0.0
309,6427.0,5902.5,5378.0,17.0,0.0
310,6427.0,6253.5,6080.0,18.0,1.0
311,6427.0,6496.0,6565.0,19.0,0.0
312,6427.0,5662.5,4898.0,20.0,0.0
313,6427.0,6048.5,5670.0,21.0,0.0
314,6427.0,6068.5,5710.0,22.0,0.0
315,6427.0,6066.0,5705.0,23.0,1.0
316,6427.0,6761.5,7096.0,24.0,0.0
317,6427.0,6254.0,6081.0,25.0,0.0
318,6427.0,5738.0,5049.0,26.0,0.0
319,6427.0,6146.5,5866.0,27.0,0.0
320,6427.0,6097.0,5767.0,28.0,0.0
321,6427.0,5910.5,5394.0,29.0,0.0
322,6427.0,6348.0,6269.0,30.0,0.0
323,6427.0,6400.0,6373.0,31.0,1.0
324,6427.0,6801.0,7175.0,32.0,0.0
325,6427.0,5234.5,4042.0,33.0,0.0
326,6427.0,5203.5,3980.0,34.0,0.0
327,6427.0,6188.0,5949.0,35.0,1.0
328,6427.0,6602.0,6777.0,36.0,0.0
329,6427.0,6109.5,5792.0,37.0,0.0
330,6427.0,5119.5,3812.0,38.0,0.0
331,6427.0,4700.5,2974.0,39.0,1.0
332,6427.0,7022.5,7618.0,40.0,0.0
333,6427.0,6249.5,6072.0,41.0,0.0
334,6427.0,5399.5,4372.0,42.0,1.0
335,6427.0,6509.0,6591.0,43.0,0.0
336,7539.0,7830.5,8122.0,2.0,0.0
337,7539.0,7423.5,7308.0,3.0,0.0
338,7539.0,7526.5,7514.0,4.0,0.0
339,7539.0,7254.0,6969.0,5.0,0.0
340,7539.0,7278.0,7017.0,6.0,0.0
341,7539.0,6848.0,6157.0,7.0,0.0
342,7539.0,7174.0,6809.0,8.0,0.0
343,7539.0,6887.0,6235.0,9.0,0.0
344,7539.0,6612.5,5686.0,10.0,0.0
345,7539.0,6619.0,5699.0,11.0,0.0
346,7539.0,6610.5,5682.0,12.0,0.0
347,7539.0,6630.0,5721.0,13.0,0.0
348,7539.0,6553.5,5568.0,14.0,0.0
349,7539.0,7362.5,7186.0,15.0,0.0
350,7539.0,7013.0,6487.0,16.0,0.0
351,7539.0,7445.5,7352.0,17.0,0.0
352,7539.0,6539.5,5540.0,18.0,0.0
353,7539.0,6810.0,6081.0,19.0,0.0
354,7539.0,6713.5,5888.0,20.0,0.0
355,7539.0,6943.0,6347.0,21.0,0.0
356,7539.0,6875.5,6212.0,22.0,0.0
357,7539.0,7393.5,7248.0,23.0,0.0
358,7539.0,7521.5,7504.0,24.0,0.0
359,7539.0,6507.5,5476.0,25.0,0.0
360,7539.0,6791.0,6043.0,26.0,1.0
361,7539.0,7729.0,7919.0,27.0,0.0
362,7539.0,6114.5,4690.0,28.0,0.0
363,7539.0,7036.5,6534.0,29.0,0.0
364,7539.0,6758.0,5977.0,30.0,1.0
365,7539.0,7540.5,7542.0,31.0,0.0
366,7539.0,6760.0,5981.0,32.0,0.0
367,7539.0,6971.0,6403.0,33.0,0.0
368,7539.0,6783.5,6028.0,34.0,0.0
369,7539.0,6749.5,5960.0,35.0,0.0
370,7539.0,7240.0,6941.0,36.0,0.0
371,7539.0,6990.0,6441.0,37.0,0.0
372,7539.0,7442.5,7346.0,38.0,0.0
373,7539.0,6644.0,5749.0,39.0,0.0
374,7539.0,6604.5,5670.0,40.0,0.0
375,7539.0,6909.5,6280.0,41.0,0.0
376,7539.0,7045.0,6551.0,42.0,0.0
377,7539.0,6134.5,4730.0,43.0,0.0
378,10154.0,10535.5,10917.0,2.0,1.0
379,10154.0,10295.5,10437.0,3.0,1.0
380,10154.0,10632.5,11111.0,4.0,0.0
381,10154.0,10093.5,10033.0,5.0,1.0
382,10154.0,10711.0,11268.0,6.0,0.0
383,10154.0,7108.5,4063.0,7.0,0.0
384,10154.0,8568.0,6982.0,8.0,0.0
385,10154.0,8304.5,6455.0,9.0,0.0
386,10154.0,8247.5,6341.0,10.0,0.0
387,10154.0,9663.5,9173.0,11.0,0.0
388,10154.0,9561.5,8969.0,12.0,0.0
389,10154.0,8931.0,7708.0,13.0,1.0
390,10154.0,10635.0,11116.0,14.0,1.0
391,10154.0,10919.5,11685.0,15.0,0.0
392,10154.0,8132.5,6111.0,16.0,0.0
393,10154.0,8712.0,7270.0,17.0,0.0
394,10154.0,9308.0,8462.0,18.0,1.0
395,10154.0,11345.5,12537.0,19.0,0.0
396,10154.0,9596.0,9038.0,20.0,0.0
397,10154.0,9551.0,8948.0,21.0,0.0
398,10154.0,8214.0,6274.0,22.0,0.0
399,10154.0,9728.0,9302.0,23.0,0.0
400,10154.0,8415.0,6676.0,24.0,0.0
401,10154.0,8951.0,7748.0,25.0,1.0
402,10154.0,10809.5,11465.0,26.0,0.0
403,10154.0,7999.5,5845.0,27.0,0.0
404,10154.0,8857.0,7560.0,28.0,0.0
405,10154.0,9845.5,9537.0,29.0,0.0
406,10154.0,9071.5,7989.0,30.0,1.0
407,10154.0,10188.5,10223.0,31.0,0.0
408,10154.0,9320.5,8487.0,32.0,0.0
409,10154.0,9883.0,9612.0,33.0,0.0
410,10154.0,9690.5,9227.0,34.0,0.0
411,10154.0,8730.5,7307.0,35.0,1.0
412,10154.0,11237.0,12320.0,36.0,0.0
413,10154.0,9376.5,8599.0,37.0,0.0
414,10154.0,9384.0,8614.0,38.0,0.0
415,10154.0,8172.0,6190.0,39.0,0.0
416,10154.0,9896.5,9639.0,40.0,0.0
417,10154.0,9594.0,9034.0,41.0,0.0
418,10154.0,9730.5,9307.0,42.0,0.0
419,10154.0,9978.0,9802.0,43.0,0.0
420,1798.0,899.0,0.0,2.0,0.0
421,1798.0,1295.0,792.0,3.0,1.0
422,1798.0,3441.5,5085.0,4.0,1.0
423,1798.0,3487.5,5177.0,5.0,1.0
424,1798.0,4636.5,7475.0,6.0,1.0
425,1798.0,3540.0,5282.0,7.0,1.0
426,1798.0,3487.5,5177.0,8.0,1.0
427,1798.0,3381.5,4965.0,9.0,1.0
428,1798.0,3291.0,4784.0,10.0,1.0
429,1798.0,3356.5,4915.0,11.0,1.0
430,1798.0,3257.5,4717.0,12.0,1.0
431,1798.0,3966.5,6135.0,13.0,1.0
432,1798.0,4193.5,6589.0,14.0,1.0
433,1798.0,3277.0,4756.0,15.0,1.0
434,1798.0,3878.5,5959.0,16.0,1.0
435,1798.0,3411.0,5024.0,17.0,1.0
436,1798.0,2603.5,3409.0,18.0,1.0
437,1798.0,3145.0,4492.0,19.0,1.0
438,1798.0,3601.5,5405.0,20.0,1.0
439,1798.0,3986.5,6175.0,21.0,1.0
440,1798.0,4227.0,6656.0,22.0,1.0
441,1798.0,3594.5,5391.0,23.0,1.0
442,1798.0,3053.0,4308.0,24.0,1.0
443,1798.0,4033.5,6269.0,25.0,1.0
444,1798.0,3392.0,4986.0,26.0,1.0
445,1798.0,3549.5,5301.0,27.0,1.0
446,1798.0,3213.0,4628.0,28.0,1.0
447,1798.0,3245.0,4692.0,29.0,1.0
448,1798.0,4504.0,7210.0,30.0,1.0
449,1798.0,2196.0,2594.0,31.0,1.0
450,1798.0,3354.5,4911.0,32.0,1.0
451,1798.0,4121.5,6445.0,33.0,1.0
452,1798.0,3714.0,5630.0,34.0,1.0
453,1798.0,3967.5,6137.0,35.0,1.0
454,1798.0,4515.5,7233.0,36.0,1.0
455,1798.0,3320.5,4843.0,37.0,1.0
456,1798.0,4615.0,7432.0,38.0,1.0
457,1798.0,4722.5,7647.0,39.0,1.0
458,1798.0,2609.5,3421.0,40.0,1.0
459,1798.0,4462.0,7126.0,41.0,1.0
460,1798.0,3803.5,5809.0,42.0,1.0
461,1798.0,4119.0,6440.0,43.0,1.0
462,5554.0,5945.0,6336.0,2.0,1.0
463,5554.0,6951.5,8349.0,3.0,1.0
464,5554.0,7181.5,8809.0,4.0,1.0
465,5554.0,6174.0,6794.0,5.0,1.0
466,5554.0,6938.0,8322.0,6.0,1.0
467,5554.0,5906.5,6259.0,7.0,1.0
468,5554.0,6106.5,6659.0,8.0,1.0
469,5554.0,5906.5,6259.0,9.0,1.0
470,5554.0,6644.5,7735.0,10.0,0.0
471,5554.0,5342.5,5131.0,11.0,1.0
472,5554.0,6016.5,6479.0,12.0,1.0
473,5554.0,6829.0,8104.0,13.0,1.0
474,5554.0,6420.0,7286.0,14.0,1.0
475,5554.0,6070.5,6587.0,15.0,0.0
476,5554.0,5425.5,5297.0,16.0,1.0
477,5554.0,6581.0,7608.0,17.0,1.0
478,5554.0,6562.0,7570.0,18.0,1.0
479,5554.0,6194.0,6834.0,19.0,1.0
480,5554.0,6606.5,7659.0,20.0,1.0
481,5554.0,5952.5,6351.0,21.0,1.0
482,5554.0,7578.5,9603.0,22.0,1.0
483,5554.0,7138.0,8722.0,23.0,1.0
484,5554.0,6760.5,7967.0,24.0,1.0
485,5554.0,6073.0,6592.0,25.0,1.0
486,5554.0,6680.5,7807.0,26.0,1.0
487,5554.0,6148.5,6743.0,27.0,1.0
488,5554.0,5877.0,6200.0,28.0,0.0
489,5554.0,5433.0,5312.0,29.0,1.0
490,5554.0,5795.5,6037.0,30.0,1.0
491,5554.0,6578.5,7603.0,31.0,1.0
492,5554.0,6040.5,6527.0,32.0,0.0
493,5554.0,5520.5,5487.0,33.0,1.0
494,5554.0,5655.0,5756.0,34.0,0.0
495,5554.0,5377.0,5200.0,35.0,1.0
496,5554.0,5864.5,6175.0,36.0,1.0
497,5554.0,6006.5,6459.0,37.0,0.0
498,5554.0,5539.5,5525.0,38.0,1.0
499,5554.0,6847.5,8141.0,39.0,1.0
500,5554.0,5845.5,6137.0,40.0,1.0
501,5554.0,6934.0,8314.0,41.0,1.0
502,5554.0,6601.0,7648.0,42.0,0.0
503,5554.0,5469.5,5385.0,43.0,1.0
504,8712.0,10025.0,11338.0,2.0,1.0
505,8712.0,9573.5,10435.0,3.0,1.0
506,8712.0,9466.0,10220.0,4.0,1.0
507,8712.0,12234.5,15757.0,5.0,1.0
508,8712.0,10171.0,11630.0,6.0,1.0
509,8712.0,10506.0,12300.0,7.0,1.0
510,8712.0,11845.5,14979.0,8.0,1.0
511,8712.0,10431.5,12151.0,9.0,1.0
512,8712.0,11878.5,15045.0,10.0,1.0
513,8712.0,12264.5,15817.0,11.0,1.0
514,8712.0,11539.5,14367.0,12.0,1.0
515,8712.0,11249.5,13787.0,13.0,1.0
516,8712.0,13282.5,17853.0,14.0,1.0
517,8712.0,10234.0,11756.0,15.0,1.0
518,8712.0,8861.5,9011.0,16.0,1.0
519,8712.0,8715.0,8718.0,17.0,1.0
520,8712.0,12035.0,15358.0,18.0,1.0
521,8712.0,12734.5,16757.0,19.0,1.0
522,8712.0,10869.0,13026.0,20.0,1.0
523,8712.0,12544.5,16377.0,21.0,1.0
524,8712.0,11423.5,14135.0,22.0,1.0
525,8712.0,11252.0,13792.0,23.0,1.0
526,8712.0,10422.0,12132.0,24.0,1.0
527,8712.0,9173.5,9635.0,25.0,1.0
528,8712.0,10188.0,11664.0,26.0,1.0
529,8712.0,10422.0,12132.0,27.0,1.0
530,8712.0,10524.5,12337.0,28.0,0.0
531,8712.0,8600.0,8488.0,29.0,1.0
532,8712.0,11302.5,13893.0,30.0,1.0
533,8712.0,10288.5,11865.0,31.0,1.0
534,8712.0,10107.0,11502.0,32.0,1.0
535,8712.0,8974.0,9236.0,33.0,1.0
536,8712.0,11404.0,14096.0,34.0,1.0
537,8712.0,9950.5,11189.0,35.0,1.0
538,8712.0,9867.5,11023.0,36.0,1.0
539,8712.0,10165.0,11618.0,37.0,1.0
540,8712.0,10874.0,13036.0,38.0,1.0
541,8712.0,11613.5,14515.0,39.0,1.0
542,8712.0,10312.0,11912.0,40.0,1.0
543,8712.0,11019.5,13327.0,41.0,1.0
544,8712.0,12378.5,16045.0,42.0,1.0
545,8712.0,10784.0,12856.0,43.0,1.0
546,4253.0,4092.5,3932.0,2.0,1.0
547,4253.0,4848.0,5443.0,3.0,1.0
548,4253.0,4663.5,5074.0,4.0,1.0
549,4253.0,5138.0,6023.0,5.0,1.0
550,4253.0,4921.0,5589.0,6.0,1.0
551,4253.0,4867.5,5482.0,7.0,0.0
552,4253.0,3727.5,3202.0,8.0,1.0
553,4253.0,4616.0,4979.0,9.0,1.0
554,4253.0,4874.0,5495.0,10.0,1.0
555,4253.0,5241.5,6230.0,11.0,1.0
556,4253.0,4460.0,4667.0,12.0,1.0
557,4253.0,4344.5,4436.0,13.0,1.0
558,4253.0,4464.5,4676.0,14.0,0.0
559,4253.0,3471.5,2690.0,15.0,1.0
560,4253.0,4852.0,5451.0,16.0,1.0
561,4253.0,5173.5,6094.0,17.0,1.0
562,4253.0,4624.5,4996.0,18.0,0.0
563,4253.0,3754.0,3255.0,19.0,1.0
564,4253.0,4587.5,4922.0,20.0,1.0
565,4253.0,4427.0,4601.0,21.0,1.0
566,4253.0,4479.0,4705.0,22.0,1.0
567,4253.0,4505.5,4758.0,23.0,1.0
568,4253.0,4751.0,5249.0,24.0,1.0
569,4253.0,4418.5,4584.0,25.0,1.0
570,4253.0,4599.0,4945.0,26.0,0.0
571,4253.0,4113.0,3973.0,27.0,1.0
572,4253.0,4629.0,5005.0,28.0,1.0
573,4253.0,4939.5,5626.0,29.0,1.0
574,4253.0,4736.0,5219.0,30.0,1.0
575,4253.0,4355.5,4458.0,31.0,1.0
576,4253.0,5128.5,6004.0,32.0,1.0
577,4253.0,4557.0,4861.0,33.0,1.0
578,4253.0,5040.0,5827.0,34.0,1.0
579,4253.0,4489.5,4726.0,35.0,1.0
580,4253.0,4356.0,4459.0,36.0,1.0
581,4253.0,4738.5,5224.0,37.0,1.0
582,4253.0,5308.0,6363.0,38.0,0.0
583,4253.0,3856.5,3460.0,39.0,1.0
584,4253.0,4651.0,5049.0,40.0,0.0
585,4253.0,4232.0,4211.0,41.0,1.0
586,4253.0,4968.5,5684.0,42.0,1.0
587,4253.0,4528.5,4804.0,43.0,1.0
588,7224.0,7690.0,8156.0,2.0,1.0
589,7224.0,7624.0,8024.0,3.0,0.0
590,7224.0,7052.5,6881.0,4.0,1.0
591,7224.0,7814.5,8405.0,5.0,1.0
592,7224.0,8182.0,9140.0,6.0,1.0
593,7224.0,8269.0,9314.0,7.0,1.0
594,7224.0,7900.5,8577.0,8.0,0.0
595,7224.0,7123.5,7023.0,9.0,0.0
596,7224.0,7166.0,7108.0,10.0,1.0
597,7224.0,8071.5,8919.0,11.0,1.0
598,7224.0,7481.5,7739.0,12.0,1.0
599,7224.0,7417.0,7610.0,13.0,1.0
600,7224.0,7573.5,7923.0,14.0,1.0
601,7224.0,9018.0,10812.0,15.0,1.0
602,7224.0,7409.0,7594.0,16.0,0.0
603,7224.0,7040.0,6856.0,17.0,1.0
604,7224.0,8479.0,9734.0,18.0,1.0
605,7224.0,7592.5,7961.0,19.0,1.0
606,7224.0,7731.5,8239.0,20.0,1.0
607,7224.0,7662.5,8101.0,21.0,1.0
608,7224.0,7676.0,8128.0,22.0,1.0
609,7224.0,8332.0,9440.0,23.0,1.0
610,7224.0,8275.5,9327.0,24.0,1.0
611,7224.0,7278.5,7333.0,25.0,0.0
612,7224.0,7040.5,6857.0,26.0,1.0
613,7224.0,8125.0,9026.0,27.0,1.0
614,7224.0,8060.0,8896.0,28.0,1.0
615,7224.0,8147.0,9070.0,29.0,1.0
616,7224.0,8700.5,10177.0,30.0,0.0
617,7224.0,7209.0,7194.0,31.0,1.0
618,7224.0,8177.5,9131.0,32.0,1.0
619,7224.0,7474.5,7725.0,33.0,1.0
620,7224.0,8129.0,9034.0,34.0,1.0
621,7224.0,8467.5,9711.0,35.0,1.0
622,7224.0,7728.5,8233.0,36.0,1.0
623,7224.0,8654.5,10085.0,37.0,1.0
624,7224.0,7350.0,7476.0,38.0,1.0
625,7224.0,8840.5,10457.0,39.0,1.0
626,7224.0,8428.0,9632.0,40.0,0.0
627,7224.0,7222.5,7221.0,41.0,1.0
628,7224.0,8329.5,9435.0,42.0,1.0
629,7224.0,8030.5,8837.0,43.0,1.0
630,8770.0,8887.5,9005.0,2.0,0.0
631,8770.0,8161.0,7552.0,3.0,0.0
632,8770.0,8169.0,7568.0,4.0,0.0
633,8770.0,8496.0,8222.0,5.0,0.0
634,8770.0,8115.5,7461.0,6.0,0.0
635,8770.0,7391.5,6013.0,7.0,0.0
636,8770.0,7176.5,5583.0,8.0,0.0
637,8770.0,7042.0,5314.0,9.0,0.0
638,8770.0,8636.0,8502.0,10.0,0.0
639,8770.0,8685.5,8601.0,11.0,0.0
640,8770.0,7137.0,5504.0,12.0,0.0
641,8770.0,8497.5,8225.0,13.0,1.0
642,8770.0,9497.5,10225.0,14.0,0.0
643,8770.0,7695.5,6621.0,15.0,1.0
644,8770.0,10108.0,11446.0,16.0,0.0
645,8770.0,7853.0,6936.0,17.0,1.0
646,8770.0,8904.0,9038.0,18.0,0.0
647,8770.0,8032.5,7295.0,19.0,0.0
648,8770.0,7646.5,6523.0,20.0,1.0
649,8770.0,9346.0,9922.0,21.0,0.0
650,8770.0,7248.0,5726.0,22.0,0.0
651,8770.0,6758.5,4747.0,23.0,0.0
652,8770.0,7482.0,6194.0,24.0,1.0
653,8770.0,8952.0,9134.0,25.0,0.0
654,8770.0,8736.5,8703.0,26.0,0.0
655,8770.0,7648.0,6526.0,27.0,1.0
656,8770.0,9474.0,10178.0,28.0,0.0
657,8770.0,8422.5,8075.0,29.0,1.0
658,8770.0,9019.0,9268.0,30.0,0.0
659,8770.0,6959.0,5148.0,31.0,0.0
660,8770.0,8420.5,8071.0,32.0,1.0
661,8770.0,9347.5,9925.0,33.0,0.0
662,8770.0,7509.0,6248.0,34.0,0.0
663,8770.0,8098.0,7426.0,35.0,0.0
664,8770.0,7154.5,5539.0,36.0,0.0
665,8770.0,8185.5,7601.0,37.0,0.0
666,8770.0,7839.5,6909.0,38.0,0.0
667,8770.0,8491.5,8213.0,39.0,0.0
668,8770.0,8330.0,7890.0,40.0,1.0
669,8770.0,10032.0,11294.0,41.0,0.0
670,8770.0,5989.5,3209.0,42.0,0.0
671,8770.0,7020.5,5271.0,43.0,0.0
672,8594.0,8517.5,8441.0,2.0,1.0
673,8594.0,9247.0,9900.0,3.0,0.0
674,8594.0,8502.0,8410.0,4.0,0.0
675,8594.0,8072.5,7551.0,5.0,0.0
676,8594.0,8471.0,8348.0,6.0,1.0
677,8594.0,9130.5,9667.0,7.0,0.0
678,8594.0,8352.0,8110.0,8.0,0.0
679,8594.0,7676.5,6759.0,9.0,0.0
680,8594.0,8113.5,7633.0,10.0,1.0
681,8594.0,9859.5,11125.0,11.0,1.0
682,8594.0,8821.0,9048.0,12.0,1.0
683,8594.0,8958.0,9322.0,13.0,1.0
684,8594.0,9958.0,11322.0,14.0,1.0
685,8594.0,8779.0,8964.0,15.0,1.0
686,8594.0,9562.0,10530.0,16.0,0.0
687,8594.0,8480.5,8367.0,17.0,0.0
688,8594.0,7517.5,6441.0,18.0,1.0
689,8594.0,8871.5,9149.0,19.0,0.0
690,8594.0,8587.5,8581.0,20.0,0.0
691,8594.0,8392.5,8191.0,21.0,1.0
692,8594.0,9486.0,10378.0,22.0,1.0
693,8594.0,9162.0,9730.0,23.0,1.0
694,8594.0,8859.5,9125.0,24.0,0.0
695,8594.0,8157.0,7720.0,25.0,0.0
696,8594.0,6649.5,4705.0,26.0,1.0
697,8594.0,8897.0,9200.0,27.0,0.0
698,8594.0,7276.0,5958.0,28.0,1.0
699,8594.0,8693.5,8793.0,29.0,0.0
700,8594.0,8139.0,7684.0,30.0,1.0
701,8594.0,9666.0,10738.0,31.0,1.0
702,8594.0,8732.5,8871.0,32.0,0.0
703,8594.0,8319.0,8044.0,33.0,1.0
704,8594.0,9124.0,9654.0,34.0,1.0
705,8594.0,9477.5,10361.0,35.0,0.0
706,8594.0,7802.0,7010.0,36.0,0.0
707,8594.0,8271.0,7948.0,37.0,1.0
708,8594.0,8903.5,9213.0,38.0,0.0
709,8594.0,8051.5,7509.0,39.0,1.0
710,8594.0,8720.0,8846.0,40.0,0.0
711,8594.0,7461.5,6329.0,41.0,1.0
712,8594.0,9755.5,10917.0,42.0,0.0
713,8594.0,7972.5,7351.0,43.0,0.0
714,10041.0,10070.5,10100.0,2.0,0.0
715,10041.0,9627.0,9213.0,3.0,0.0
716,10041.0,8303.5,6566.0,4.0,0.0
717,10041.0,7500.5,4960.0,5.0,0.0
718,10041.0,8844.0,7647.0,6.0,0.0
719,10041.0,9099.5,8158.0,7.0,0.0
720,10041.0,9200.5,8360.0,8.0,0.0
721,10041.0,8242.5,6444.0,9.0,0.0
722,10041.0,9393.0,8745.0,10.0,0.0
723,10041.0,8815.5,7590.0,11.0,0.0
724,10041.0,9065.5,8090.0,12.0,1.0
725,10041.0,10137.0,10233.0,13.0,0.0
726,10041.0,8602.0,7163.0,14.0,0.0
727,10041.0,8013.0,5985.0,15.0,0.0
728,10041.0,9379.5,8718.0,16.0,0.0
729,10041.0,9240.0,8439.0,17.0,1.0
730,10041.0,10042.5,10044.0,18.0,0.0
731,10041.0,8009.0,5977.0,19.0,0.0
732,10041.0,8070.0,6099.0,20.0,0.0
733,10041.0,7976.5,5912.0,21.0,0.0
734,10041.0,8843.0,7645.0,22.0,0.0
735,10041.0,9020.0,7999.0,23.0,0.0
736,10041.0,8096.5,6152.0,24.0,0.0
737,10041.0,8736.0,7431.0,25.0,1.0
738,10041.0,10215.5,10390.0,26.0,1.0
739,10041.0,10278.0,10515.0,27.0,0.0
740,10041.0,8468.5,6896.0,28.0,0.0
741,10041.0,8895.5,7750.0,29.0,0.0
742,10041.0,8700.5,7360.0,30.0,0.0
743,10041.0,9324.0,8607.0,31.0,0.0
744,10041.0,8650.0,7259.0,32.0,0.0
745,10041.0,8532.5,7024.0,33.0,0.0
746,10041.0,9491.5,8942.0,34.0,0.0
747,10041.0,8370.5,6700.0,35.0,0.0
748,10041.0,8778.0,7515.0,36.0,0.0
749,10041.0,8993.5,7946.0,37.0,0.0
750,10041.0,8218.0,6395.0,38.0,0.0
751,10041.0,8986.5,7932.0,39.0,0.0
752,10041.0,7684.5,5328.0,40.0,0.0
753,10041.0,8098.0,6155.0,41.0,0.0
754,10041.0,9301.5,8562.0,42.0,0.0
755,10041.0,7594.5,5148.0,43.0,0.0
756,5824.0,7801.0,9778.0,2.0,1.0
757,5824.0,6895.5,7967.0,3.0,0.0
758,5824.0,5336.5,4849.0,4.0,1.0
759,5824.0,7059.0,8294.0,5.0,1.0
760,5824.0,7334.0,8844.0,6.0,1.0
761,5824.0,7961.0,10098.0,7.0,1.0
762,5824.0,8156.0,10488.0,8.0,0.0
763,5824.0,5775.5,5727.0,9.0,1.0
764,5824.0,7309.0,8794.0,10.0,1.0
765,5824.0,7441.5,9059.0,11.0,1.0
766,5824.0,8404.0,10984.0,12.0,0.0
767,5824.0,5208.0,4592.0,13.0,1.0
768,5824.0,7258.5,8693.0,14.0,1.0
769,5824.0,8087.5,10351.0,15.0,1.0
770,5824.0,8661.0,11498.0,16.0,1.0
771,5824.0,6294.0,6764.0,17.0,1.0
772,5824.0,10468.0,15112.0,18.0,1.0
773,5824.0,8629.5,11435.0,19.0,1.0
774,5824.0,7063.0,8302.0,20.0,1.0
775,5824.0,7902.5,9981.0,21.0,1.0
776,5824.0,8822.0,11820.0,22.0,1.0
777,5824.0,8443.5,11063.0,23.0,1.0
778,5824.0,7136.5,8449.0,24.0,1.0
779,5824.0,7176.5,8529.0,25.0,1.0
780,5824.0,7227.0,8630.0,26.0,1.0
781,5824.0,7722.5,9621.0,27.0,1.0
782,5824.0,7205.0,8586.0,28.0,1.0
783,5824.0,6820.5,7817.0,29.0,1.0
784,5824.0,8135.5,10447.0,30.0,1.0
785,5824.0,9935.0,14046.0,31.0,1.0
786,5824.0,7523.5,9223.0,32.0,1.0
787,5824.0,8097.0,10370.0,33.0,1.0
788,5824.0,7002.0,8180.0,34.0,1.0
789,5824.0,6642.0,7460.0,35.0,1.0
790,5824.0,7909.5,9995.0,36.0,1.0
791,5824.0,7440.0,9056.0,37.0,1.0
792,5824.0,7808.0,9792.0,38.0,1.0
793,5824.0,7029.5,8235.0,39.0,1.0
794,5824.0,6843.0,7862.0,40.0,0.0
795,5824.0,5291.5,4759.0,41.0,1.0
796,5824.0,7474.0,9124.0,42.0,1.0
797,5824.0,6023.5,6223.0,43.0,1.0
798,7416.0,6096.5,4777.0,2.0,0.0
799,7416.0,5699.0,3982.0,3.0,0.0
800,7416.0,6414.5,5413.0,4.0,0.0
801,7416.0,6336.5,5257.0,5.0,0.0
802,7416.0,5582.0,3748.0,6.0,0.0
803,7416.0,5751.5,4087.0,7.0,0.0
804,7416.0,5961.5,4507.0,8.0,0.0
805,7416.0,5440.5,3465.0,9.0,0.0
806,7416.0,5725.5,4035.0,10.0,0.0
807,7416.0,7085.5,6755.0,11.0,0.0
808,7416.0,5026.0,2636.0,12.0,0.0
809,7416.0,6418.0,5420.0,13.0,1.0
810,7416.0,7644.5,7873.0,14.0,0.0
811,7416.0,5815.5,4215.0,15.0,0.0
812,7416.0,5971.0,4526.0,16.0,0.0
813,7416.0,6941.5,6467.0,17.0,0.0
814,7416.0,6709.0,6002.0,18.0,0.0
815,7416.0,6050.0,4684.0,19.0,0.0
816,7416.0,6375.5,5335.0,20.0,0.0
817,7416.0,5897.5,4379.0,21.0,0.0
818,7416.0,6682.5,5949.0,22.0,0.0
819,7416.0,6219.0,5022.0,23.0,0.0
820,7416.0,5997.0,4578.0,24.0,0.0
821,7416.0,6083.0,4750.0,25.0,0.0
822,7416.0,6206.0,4996.0,26.0,0.0
823,7416.0,5297.5,3179.0,27.0,0.0
824,7416.0,6523.0,5630.0,28.0,0.0
825,7416.0,5555.0,3694.0,29.0,0.0
826,7416.0,6198.0,4980.0,30.0,0.0
827,7416.0,6891.5,6367.0,31.0,0.0
828,7416.0,6495.5,5575.0,32.0,0.0
829,7416.0,5689.5,3963.0,33.0,0.0
830,7416.0,5968.5,4521.0,34.0,0.0
831,7416.0,7112.5,6809.0,35.0,0.0
832,7416.0,5789.5,4163.0,36.0,0.0
833,7416.0,7117.5,6819.0,37.0,0.0
834,7416.0,6209.5,5003.0,38.0,0.0
835,7416.0,5278.0,3140.0,39.0,0.0
836,7416.0,6549.0,5682.0,40.0,0.0
837,7416.0,6479.0,5542.0,41.0,0.0
838,7416.0,6483.0,5550.0,42.0,0.0
839,7416.0,6346.5,5277.0,43.0,0.0
840,3717.0,3289.5,2862.0,2.0,0.0
841,3717.0,2904.5,2092.0,3.0,0.0
842,3717.0,2327.5,938.0,4.0,1.0
843,3717.0,4144.5,4572.0,5.0,1.0
844,3717.0,4826.5,5936.0,6.0,1.0
845,3717.0,4919.0,6121.0,7.0,1.0
846,3717.0,4099.5,4482.0,8.0,1.0
847,3717.0,5115.0,6513.0,9.0,1.0
848,3717.0,4896.5,6076.0,10.0,1.0
849,3717.0,4322.0,4927.0,11.0,1.0
850,3717.0,5014.0,6311.0,12.0,1.0
851,3717.0,4804.0,5891.0,13.0,1.0
852,3717.0,3836.0,3955.0,14.0,1.0
853,3717.0,4792.5,5868.0,15.0,1.0
854,3717.0,4577.5,5438.0,16.0,1.0
855,3717.0,4298.5,4880.0,17.0,1.0
856,3717.0,5745.0,7773.0,18.0,1.0
857,3717.0,4935.0,6153.0,19.0,1.0
858,3717.0,4374.5,5032.0,20.0,1.0
859,3717.0,4942.5,6168.0,21.0,1.0
860,3717.0,4344.0,4971.0,22.0,1.0
861,3717.0,4927.5,6138.0,23.0,1.0
862,3717.0,4578.5,5440.0,24.0,1.0
863,3717.0,4865.5,6014.0,25.0,1.0
864,3717.0,4870.0,6023.0,26.0,1.0
865,3717.0,4519.5,5322.0,27.0,1.0
866,3717.0,5065.0,6413.0,28.0,1.0
867,3717.0,3918.5,4120.0,29.0,0.0
868,3717.0,2937.5,2158.0,30.0,1.0
869,3717.0,4372.0,5027.0,31.0,1.0
870,3717.0,3730.0,3743.0,32.0,1.0
871,3717.0,4739.5,5762.0,33.0,1.0
872,3717.0,5382.5,7048.0,34.0,1.0
873,3717.0,4431.0,5145.0,35.0,1.0
874,3717.0,5033.5,6350.0,36.0,1.0
875,3717.0,5063.5,6410.0,37.0,1.0
876,3717.0,3987.0,4257.0,38.0,1.0
877,3717.0,4879.5,6042.0,39.0,1.0
878,3717.0,5321.5,6926.0,40.0,1.0
879,3717.0,4979.0,6241.0,41.0,1.0
880,3717.0,4352.5,4988.0,42.0,1.0
881,3717.0,4572.5,5428.0,43.0,1.0
882,8247.0,10232.5,12218.0,2.0,1.0
883,8247.0,9489.5,10732.0,3.0,1.0
884,8247.0,8545.5,8844.0,4.0,1.0
885,8247.0,9692.0,11137.0,5.0,1.0
886,8247.0,10096.5,11946.0,6.0,1.0
887,8247.0,9600.0,10953.0,7.0,1.0
888,8247.0,9466.5,10686.0,8.0,1.0
889,8247.0,8451.0,8655.0,9.0,1.0
890,8247.0,9740.5,11234.0,10.0,1.0
891,8247.0,9527.5,10808.0,11.0,1.0
892,8247.0,10415.0,12583.0,12.0,1.0
893,8247.0,10619.0,12991.0,13.0,1.0
894,8247.0,8586.0,8925.0,14.0,1.0
895,8247.0,9890.5,11534.0,15.0,1.0
896,8247.0,9222.5,10198.0,16.0,1.0
897,8247.0,11316.0,14385.0,17.0,1.0
898,8247.0,8452.5,8658.0,18.0,1.0
899,8247.0,10158.5,12070.0,19.0,1.0
900,8247.0,11611.5,14976.0,20.0,1.0
901,8247.0,10983.0,13719.0,21.0,0.0
902,8247.0,7525.0,6803.0,22.0,1.0
903,8247.0,10141.5,12036.0,23.0,1.0
904,8247.0,10091.0,11935.0,24.0,1.0
905,8247.0,12389.0,16531.0,25.0,1.0
906,8247.0,9947.5,11648.0,26.0,1.0
907,8247.0,10043.5,11840.0,27.0,1.0
908,8247.0,11087.5,13928.0,28.0,0.0
909,8247.0,7164.0,6081.0,29.0,1.0
910,8247.0,9364.0,10481.0,30.0,1.0
911,8247.0,11094.5,13942.0,31.0,1.0
912,8247.0,9578.0,10909.0,32.0,1.0
913,8247.0,9326.5,10406.0,33.0,1.0
914,8247.0,9892.0,11537.0,34.0,1.0
915,8247.0,9193.0,10139.0,35.0,1.0
916,8247.0,8500.0,8753.0,36.0,1.0
917,8247.0,8889.5,9532.0,37.0,0.0
918,8247.0,7849.0,7451.0,38.0,1.0
919,8247.0,8356.5,8466.0,39.0,1.0
920,8247.0,9077.5,9908.0,40.0,1.0
921,8247.0,9655.0,11063.0,41.0,1.0
922,8247.0,9672.5,11098.0,42.0,1.0
923,8247.0,10281.0,12315.0,43.0,1.0
924,10141.0,11942.5,13744.0,2.0,1.0
925,10141.0,10831.0,11521.0,3.0,1.0
926,10141.0,10393.0,10645.0,4.0,0.0
927,10141.0,8234.0,6327.0,5.0,0.0
928,10141.0,8186.5,6232.0,6.0,1.0
929,10141.0,10794.0,11447.0,7.0,1.0
930,10141.0,10582.0,11023.0,8.0,0.0
931,10141.0,9009.5,7878.0,9.0,0.0
932,10141.0,9970.5,9800.0,10.0,1.0
933,10141.0,10397.0,10653.0,11.0,0.0
934,10141.0,9225.0,8309.0,12.0,1.0
935,10141.0,12588.0,15035.0,13.0,1.0
936,10141.0,10734.0,11327.0,14.0,0.0
937,10141.0,8834.5,7528.0,15.0,0.0
938,10141.0,9522.0,8903.0,16.0,0.0
939,10141.0,9953.5,9766.0,17.0,0.0
940,10141.0,8945.5,7750.0,18.0,1.0
941,10141.0,10265.0,10389.0,19.0,1.0
942,10141.0,11728.0,13315.0,20.0,0.0
943,10141.0,8787.0,7433.0,21.0,0.0
944,10141.0,9685.0,9229.0,22.0,1.0
945,10141.0,10352.0,10563.0,23.0,0.0
946,10141.0,8593.5,7046.0,24.0,1.0
947,10141.0,10744.0,11347.0,25.0,1.0
948,10141.0,11300.0,12459.0,26.0,1.0
949,10141.0,10528.0,10915.0,27.0,1.0
950,10141.0,10509.5,10878.0,28.0,1.0
951,10141.0,11024.5,11908.0,29.0,1.0
952,10141.0,10341.5,10542.0,30.0,0.0
953,10141.0,9093.0,8045.0,31.0,1.0
954,10141.0,10445.0,10749.0,32.0,0.0
955,10141.0,9059.0,7977.0,33.0,0.0
956,10141.0,9830.0,9519.0,34.0,1.0
957,10141.0,11162.0,12183.0,35.0,1.0
958,10141.0,10483.0,10825.0,36.0,1.0
959,10141.0,11219.5,12298.0,37.0,0.0
960,10141.0,8976.5,7812.0,38.0,1.0
961,10141.0,10835.0,11529.0,39.0,0.0
962,10141.0,9095.0,8049.0,40.0,0.0
963,10141.0,9573.0,9005.0,41.0,0.0
964,10141.0,9561.5,8982.0,42.0,1.0
965,10141.0,11575.0,13009.0,43.0,1.0
966,6385.0,7528.0,8671.0,2.0,1.0
967,6385.0,9074.0,11763.0,3.0,1.0
968,6385.0,7886.0,9387.0,4.0,0.0
969,6385.0,6318.0,6251.0,5.0,1.0
970,6385.0,8001.5,9618.0,6.0,0.0
971,6385.0,5986.5,5588.0,7.0,1.0
972,6385.0,6757.5,7130.0,8.0,1.0
973,6385.0,7386.0,8387.0,9.0,0.0
974,6385.0,6190.5,5996.0,10.0,1.0
975,6385.0,6962.0,7539.0,11.0,1.0
976,6385.0,7058.5,7732.0,12.0,1.0
977,6385.0,6520.0,6655.0,13.0,0.0
978,6385.0,6220.5,6056.0,14.0,1.0
979,6385.0,6667.5,6950.0,15.0,1.0
980,6385.0,7369.5,8354.0,16.0,0.0
981,6385.0,6006.5,5628.0,17.0,1.0
982,6385.0,6923.0,7461.0,18.0,1.0
983,6385.0,7370.0,8355.0,19.0,1.0
984,6385.0,6487.5,6590.0,20.0,1.0
985,6385.0,8050.5,9716.0,21.0,1.0
986,6385.0,7390.5,8396.0,22.0,1.0
987,6385.0,6575.5,6766.0,23.0,1.0
988,6385.0,6967.5,7550.0,24.0,0.0
989,6385.0,6383.5,6382.0,25.0,1.0
990,6385.0,7991.0,9597.0,26.0,1.0
991,6385.0,6403.5,6422.0,27.0,0.0
992,6385.0,5859.0,5333.0,28.0,1.0
993,6385.0,6803.0,7221.0,29.0,1.0
994,6385.0,6616.5,6848.0,30.0,1.0
995,6385.0,7395.5,8406.0,31.0,1.0
996,6385.0,8150.0,9915.0,32.0,0.0
997,6385.0,6203.0,6021.0,33.0,0.0
998,6385.0,6069.5,5754.0,34.0,1.0
999,6385.0,7415.5,8446.0,35.0,1.0
1000,6385.0,6406.0,6427.0,36.0,1.0
1001,6385.0,6589.0,6793.0,37.0,0.0
1002,6385.0,5833.5,5282.0,38.0,1.0
1003,6385.0,7826.5,9268.0,39.0,0.0
1004,6385.0,6119.5,5854.0,40.0,1.0
1005,6385.0,7100.0,7815.0,41.0,1.0
1006,6385.0,7261.5,8138.0,42.0,1.0
1007,6385.0,6799.0,7213.0,43.0,0.0
1008,17967.0,17802.0,17637.0,2.0,0.0
1009,17967.0,14410.5,10854.0,3.0,0.0
1010,17967.0,14568.0,11169.0,4.0,0.0
1011,17967.0,15601.5,13236.0,5.0,0.0
1012,17967.0,13734.0,9501.0,6.0,0.0
1013,17967.0,14567.0,11167.0,7.0,0.0
1014,17967.0,16224.0,14481.0,8.0,0.0
1015,17967.0,15612.5,13258.0,9.0,0.0
1016,17967.0,13826.5,9686.0,10.0,0.0
1017,17967.0,14266.0,10565.0,11.0,0.0
1018,17967.0,15629.0,13291.0,12.0,0.0
1019,17967.0,16677.5,15388.0,13.0,0.0
1020,17967.0,16076.0,14185.0,14.0,0.0
1021,17967.0,13219.5,8472.0,15.0,0.0
1022,17967.0,15395.5,12824.0,16.0,0.0
1023,17967.0,14248.5,10530.0,17.0,0.0
1024,17967.0,13914.5,9862.0,18.0,0.0
1025,17967.0,12983.5,8000.0,19.0,0.0
1026,17967.0,14385.5,10804.0,20.0,0.0
1027,17967.0,14886.0,11805.0,21.0,0.0
1028,17967.0,15289.0,12611.0,22.0,0.0
1029,17967.0,16087.5,14208.0,23.0,0.0
1030,17967.0,15732.5,13498.0,24.0,0.0
1031,17967.0,15901.5,13836.0,25.0,0.0
1032,17967.0,14272.5,10578.0,26.0,0.0
1033,17967.0,13890.5,9814.0,27.0,0.0
1034,17967.0,13946.5,9926.0,28.0,0.0
1035,17967.0,14320.5,10674.0,29.0,0.0
1036,17967.0,16784.0,15601.0,30.0,0.0
1037,17967.0,16172.5,14378.0,31.0,0.0
1038,17967.0,13686.0,9405.0,32.0,0.0
1039,17967.0,14940.0,11913.0,33.0,0.0
1040,17967.0,14835.5,11704.0,34.0,0.0
1041,17967.0,14760.5,11554.0,35.0,0.0
1042,17967.0,15356.5,12746.0,36.0,0.0
1043,17967.0,15316.0,12665.0,37.0,0.0
1044,17967.0,14801.0,11635.0,38.0,0.0
1045,17967.0,14118.0,10269.0,39.0,0.0
1046,17967.0,13734.5,9502.0,40.0,0.0
1047,17967.0,12444.5,6922.0,41.0,0.0
1048,17967.0,14933.0,11899.0,42.0,0.0
1049,17967.0,14139.0,10311.0,43.0,0.0
1050,10680.0,10455.5,10231.0,2.0,0.0
1051,10680.0,9347.5,8015.0,3.0,0.0
1052,10680.0,9051.5,7423.0,4.0,0.0
1053,10680.0,9107.0,7534.0,5.0,1.0
1054,10680.0,11133.0,11586.0,6.0,0.0
1055,10680.0,10191.5,9703.0,7.0,0.0
1056,10680.0,9758.5,8837.0,8.0,1.0
1057,10680.0,10783.0,10886.0,9.0,0.0
1058,10680.0,9614.5,8549.0,10.0,0.0
1059,10680.0,10298.0,9916.0,11.0,0.0
1060,10680.0,9824.5,8969.0,12.0,0.0
1061,10680.0,9804.0,8928.0,13.0,0.0
1062,10680.0,9053.0,7426.0,14.0,0.0
1063,10680.0,10424.5,10169.0,15.0,0.0
1064,10680.0,8689.0,6698.0,16.0,0.0
1065,10680.0,9349.5,8019.0,17.0,0.0
1066,10680.0,10388.0,10096.0,18.0,1.0
1067,10680.0,11265.5,11851.0,19.0,1.0
1068,10680.0,10715.0,10750.0,20.0,0.0
1069,10680.0,9392.5,8105.0,21.0,1.0
1070,10680.0,10752.0,10824.0,22.0,0.0
1071,10680.0,9957.0,9234.0,23.0,0.0
1072,10680.0,9333.5,7987.0,24.0,0.0
1073,10680.0,10588.5,10497.0,25.0,0.0
1074,10680.0,10406.5,10133.0,26.0,0.0
1075,10680.0,10438.5,10197.0,27.0,0.0
1076,10680.0,9934.5,9189.0,28.0,0.0
1077,10680.0,8313.5,5947.0,29.0,0.0
1078,10680.0,10224.5,9769.0,30.0,1.0
1079,10680.0,10856.5,11033.0,31.0,1.0
1080,10680.0,11065.0,11450.0,32.0,0.0
1081,10680.0,9856.0,9032.0,33.0,0.0
1082,10680.0,9182.0,7684.0,34.0,1.0
1083,10680.0,11250.5,11821.0,35.0,0.0
1084,10680.0,8984.5,7289.0,36.0,0.0
1085,10680.0,10663.0,10646.0,37.0,0.0
1086,10680.0,9401.0,8122.0,38.0,1.0
1087,10680.0,10988.0,11296.0,39.0,0.0
1088,10680.0,9684.5,8689.0,40.0,0.0
1089,10680.0,10560.0,10440.0,41.0,0.0
1090,10680.0,9550.0,8420.0,42.0,0.0
1091,10680.0,9769.0,8858.0,43.0,0.0
1092,4191.0,5696.0,7201.0,2.0,1.0
1093,4191.0,6892.0,9593.0,3.0,1.0
1094,4191.0,5741.0,7291.0,4.0,1.0
1095,4191.0,6288.5,8386.0,5.0,1.0
1096,4191.0,4687.0,5183.0,6.0,1.0
1097,4191.0,4483.0,4775.0,7.0,1.0
1098,4191.0,5059.5,5928.0,8.0,1.0
1099,4191.0,5756.5,7322.0,9.0,1.0
1100,4191.0,6040.5,7890.0,10.0,1.0
1101,4191.0,6097.0,8003.0,11.0,1.0
1102,4191.0,6127.0,8063.0,12.0,1.0
1103,4191.0,5782.5,7374.0,13.0,1.0
1104,4191.0,5928.0,7665.0,14.0,1.0
1105,4191.0,6313.0,8435.0,15.0,1.0
1106,4191.0,4907.5,5624.0,16.0,1.0
1107,4191.0,5667.0,7143.0,17.0,1.0
1108,4191.0,5529.5,6868.0,18.0,0.0
1109,4191.0,3921.0,3651.0,19.0,1.0
1110,4191.0,6652.0,9113.0,20.0,1.0
1111,4191.0,6599.0,9007.0,21.0,1.0
1112,4191.0,6588.0,8985.0,22.0,1.0
1113,4191.0,4957.5,5724.0,23.0,1.0
1114,4191.0,7220.5,10250.0,24.0,1.0
1115,4191.0,4622.5,5054.0,25.0,1.0
1116,4191.0,5460.0,6729.0,26.0,1.0
1117,4191.0,5434.0,6677.0,27.0,1.0
1118,4191.0,6922.5,9654.0,28.0,1.0
1119,4191.0,6321.5,8452.0,29.0,1.0
1120,4191.0,4902.0,5613.0,30.0,1.0
1121,4191.0,5087.5,5984.0,31.0,1.0
1122,4191.0,6196.0,8201.0,32.0,1.0
1123,4191.0,7191.0,10191.0,33.0,1.0
1124,4191.0,5178.0,6165.0,34.0,1.0
1125,4191.0,5770.5,7350.0,35.0,1.0
1126,4191.0,6339.5,8488.0,36.0,1.0
1127,4191.0,7467.5,10744.0,37.0,1.0
1128,4191.0,6306.5,8422.0,38.0,1.0
1129,4191.0,5519.0,6847.0,39.0,1.0
1130,4191.0,7626.0,11061.0,40.0,1.0
1131,4191.0,5384.5,6578.0,41.0,1.0
1132,4191.0,5110.5,6030.0,42.0,1.0
1133,4191.0,5811.5,7432.0,43.0,1.0
1134,1118.0,1487.5,1857.0,2.0,1.0
1135,1118.0,2443.5,3769.0,3.0,1.0
1136,1118.0,1156.5,1195.0,4.0,1.0
1137,1118.0,1524.5,1931.0,5.0,1.0
1138,1118.0,2634.5,4151.0,6.0,1.0
1139,1118.0,3609.5,6101.0,7.0,1.0
1140,1118.0,3683.0,6248.0,8.0,1.0
1141,1118.0,2799.5,4481.0,9.0,1.0
1142,1118.0,2422.0,3726.0,10.0,1.0
1143,1118.0,3134.0,5150.0,11.0,1.0
1144,1118.0,2240.0,3362.0,12.0,1.0
1145,1118.0,2760.0,4402.0,13.0,1.0
1146,1118.0,3044.5,4971.0,14.0,1.0
1147,1118.0,2952.0,4786.0,15.0,1.0
1148,1118.0,2127.0,3136.0,16.0,1.0
1149,1118.0,1931.0,2744.0,17.0,1.0
1150,1118.0,2717.0,4316.0,18.0,1.0
1151,1118.0,2343.5,3569.0,19.0,1.0
1152,1118.0,2515.5,3913.0,20.0,1.0
1153,1118.0,2032.0,2946.0,21.0,1.0
1154,1118.0,2943.5,4769.0,22.0,1.0
1155,1118.0,2923.0,4728.0,23.0,1.0
1156,1118.0,2373.5,3629.0,24.0,1.0
1157,1118.0,2930.5,4743.0,25.0,1.0
1158,1118.0,2707.5,4297.0,26.0,1.0
1159,1118.0,3061.0,5004.0,27.0,1.0
1160,1118.0,2954.5,4791.0,28.0,1.0
1161,1118.0,2617.0,4116.0,29.0,1.0
1162,1118.0,2481.0,3844.0,30.0,1.0
1163,1118.0,2951.5,4785.0,31.0,1.0
1164,1118.0,2387.5,3657.0,32.0,1.0
1165,1118.0,2777.0,4436.0,33.0,1.0
1166,1118.0,2443.0,3768.0,34.0,1.0
1167,1118.0,2490.0,3862.0,35.0,1.0
1168,1118.0,3329.5,5541.0,36.0,1.0
1169,1118.0,2638.5,4159.0,37.0,1.0
1170,1118.0,2233.5,3349.0,38.0,1.0
1171,1118.0,2403.5,3689.0,39.0,1.0
1172,1118.0,2665.5,4213.0,40.0,1.0
1173,1118.0,2601.0,4084.0,41.0,1.0
1174,1118.0,2623.0,4128.0,42.0,1.0
1175,1118.0,1964.5,2811.0,43.0,1.0
1176,18420.0,17583.0,16746.0,2.0,0.0
1177,18420.0,16978.5,15537.0,3.0,0.0
1178,18420.0,16286.0,14152.0,4.0,0.0
1179,18420.0,16222.0,14024.0,5.0,0.0
1180,18420.0,17144.5,15869.0,6.0,0.0
1181,18420.0,17662.0,16904.0,7.0,1.0
1182,18420.0,19617.0,20814.0,8.0,1.0
1183,18420.0,19655.0,20890.0,9.0,0.0
1184,18420.0,16651.5,14883.0,10.0,0.0
1185,18420.0,15434.5,12449.0,11.0,0.0
1186,18420.0,18051.5,17683.0,12.0,0.0
1187,18420.0,18101.5,17783.0,13.0,0.0
1188,18420.0,16764.5,15109.0,14.0,0.0
1189,18420.0,15428.5,12437.0,15.0,1.0
1190,18420.0,18449.0,18478.0,16.0,0.0
1191,18420.0,18246.5,18073.0,17.0,1.0
1192,18420.0,19911.0,21402.0,18.0,1.0
1193,18420.0,20784.5,23149.0,19.0,0.0
1194,18420.0,18086.0,17752.0,20.0,1.0
1195,18420.0,19021.5,19623.0,21.0,0.0
1196,18420.0,16919.0,15418.0,22.0,1.0
1197,18420.0,18597.5,18775.0,23.0,0.0
1198,18420.0,16634.0,14848.0,24.0,0.0
1199,18420.0,18355.0,18290.0,25.0,0.0
1200,18420.0,17897.0,17374.0,26.0,0.0
1201,18420.0,15880.5,13341.0,27.0,0.0
1202,18420.0,16568.0,14716.0,28.0,0.0
1203,18420.0,16436.0,14452.0,29.0,1.0
1204,18420.0,18831.0,19242.0,30.0,0.0
1205,18420.0,16836.5,15253.0,31.0,0.0
1206,18420.0,17836.0,17252.0,32.0,1.0
1207,18420.0,18561.5,18703.0,33.0,0.0
1208,18420.0,17657.5,16895.0,34.0,1.0
1209,18420.0,20154.0,21888.0,35.0,1.0
1210,18420.0,20232.0,22044.0,36.0,0.0
1211,18420.0,17525.0,16630.0,37.0,0.0
1212,18420.0,16726.5,15033.0,38.0,0.0
1213,18420.0,17864.5,17309.0,39.0,1.0
1214,18420.0,18999.5,19579.0,40.0,0.0
1215,18420.0,18361.5,18303.0,41.0,1.0
1216,18420.0,18975.0,19530.0,42.0,1.0
1217,18420.0,18529.0,18638.0,43.0,0.0
