,StepTotal,StepTotal.1,StepTotal.2,StepTotal.3,StepTotal.4,StepTotal.5,StepTotal.6,StepTotal.7,StepTotal.8,StepTotal.9,StepTotal.10,StepTotal.11,StepTotal.12,StepTotal.13,StepTotal.14,StepTotal.15,StepTotal.16,StepTotal.17,StepTotal.18,StepTotal.19,StepTotal.20,StepTotal.21,StepTotal.22,StepTotal.23,StepTotal.24,StepTotal.25,StepTotal.26,StepTotal.27,StepTotal.28,StepTotal.29,StepTotal.30
0,13162.0,10735.0,10460.0,9762.0,12669.0,9705.0,13019.0,15506.0,10544.0,9819.0,12764.0,14371.0,10039.0,15355.0,13755.0,18134.0,13154.0,11181.0,14673.0,10602.0,12207.0,12770.0,0.0,14727.0,15103.0,11100.0,14070.0,12159.0,11992.0,10060.0,12022.0
1,8163.0,7007.0,9107.0,1510.0,5370.0,6175.0,10536.0,2916.0,4974.0,6349.0,4026.0,8538.0,6076.0,6497.0,2826.0,8367.0,2759.0,2390.0,6474.0,36019.0,2969.0,3134.0,2971.0,7155.0,2100.0,2193.0,2470.0,1727.0,2104.0,3427.0,1732.0
2,10694.0,8001.0,11037.0,5263.0,15300.0,8757.0,7132.0,11256.0,2436.0,1223.0,3673.0,6637.0,3321.0,3580.0,9919.0,3032.0,9405.0,3176.0,18213.0,6132.0,9167.0,1329.0,,3758.0,12850.0,2309.0,4363.0,9787.0,13372.0,6724.0,6643.0
3,6697.0,4929.0,7937.0,3844.0,3414.0,4525.0,4597.0,197.0,8.0,8054.0,5372.0,3570.0,0.0,0.0,0.0,4.0,6907.0,4920.0,4014.0,2573.0,0.0,0.0,0.0,0.0,4059.0,2080.0,2237.0,44.0,0.0,0.0,0.0
4,678.0,356.0,2163.0,980.0,0.0,0.0,244.0,0.0,0.0,0.0,149.0,2945.0,2090.0,152.0,3761.0,0.0,1675.0,0.0,0.0,2704.0,0.0,0.0,0.0,3790.0,1326.0,1786.0,0.0,2091.0,1510.0,0.0,0.0
5,11875.0,12024.0,10690.0,11034.0,10100.0,15112.0,14131.0,11548.0,15112.0,12453.0,12954.0,6001.0,13481.0,11369.0,10119.0,10159.0,10140.0,10245.0,18387.0,10538.0,12798.0,13272.0,9117.0,10379.0,12183.0,11768.0,11895.0,10227.0,6708.0,3292.0,13379.0
6,4414.0,4993.0,3335.0,3821.0,2547.0,838.0,3325.0,2424.0,7222.0,2467.0,2915.0,12357.0,3490.0,6017.0,5933.0,6088.0,6375.0,7604.0,4729.0,3609.0,254.0,8580.0,8891.0,7018.0,5992.0,6564.0,12167.0,8198.0,4193.0,5528.0,10685.0
7,10725.0,7275.0,3973.0,5205.0,5057.0,6198.0,6559.0,5997.0,7192.0,3404.0,5583.0,5079.0,4165.0,3588.0,3409.0,1715.0,1532.0,924.0,4571.0,772.0,6227.0,6424.0,2661.0,3634.0,7443.0,1201.0,5202.0,4878.0,7379.0,5161.0,3090.0
8,10113.0,10352.0,10129.0,10465.0,22244.0,5472.0,8247.0,6711.0,10999.0,10080.0,7804.0,16901.0,9471.0,9482.0,5980.0,11423.0,5439.0,42.0,,,,,,,,,,,,,
9,8796.0,7618.0,7910.0,8482.0,9685.0,2524.0,7762.0,7948.0,9202.0,8859.0,7286.0,9317.0,6873.0,7373.0,8242.0,3516.0,7913.0,7365.0,8452.0,7399.0,8275.0,6440.0,7566.0,7525.0,7412.0,8278.0,8314.0,7063.0,4940.0,8168.0,7726.0
10,4747.0,9715.0,8844.0,7451.0,6905.0,8199.0,6798.0,7711.0,4880.0,8857.0,3843.0,7396.0,6731.0,5995.0,8283.0,7904.0,5512.0,9135.0,5250.0,3077.0,,,,,,,,,,,
11,8856.0,10035.0,7641.0,9010.0,13459.0,10415.0,11663.0,12414.0,11658.0,6093.0,8911.0,12058.0,14112.0,11177.0,11388.0,7193.0,7114.0,10645.0,13238.0,10414.0,13072.0,746.0,,16520.0,14335.0,13559.0,12312.0,11677.0,11550.0,13585.0,14687.0
12,8539.0,0.0,108.0,1882.0,1982.0,16.0,62.0,0.0,0.0,0.0,0.0,0.0,0.0,0.0,0.0,0.0,0.0,0.0,0.0,0.0,5546.0,3689.0,590.0,475.0,4496.0,10252.0,11728.0,4369.0,6132.0,5862.0,4556.0
13,5394.0,5974.0,0.0,3984.0,,,,,,,,,,,,,,,,,,,,,,,,,,,
14,7753.0,8204.0,10210.0,5664.0,4744.0,29.0,2276.0,8925.0,8954.0,3702.0,4500.0,4935.0,4081.0,9259.0,9899.0,10780.0,10817.0,7990.0,8221.0,1251.0,9487.0,9129.0,17.0,9261.0,9648.0,10429.0,13658.0,9524.0,7937.0,3672.0,10378.0
15,10122.0,10993.0,8863.0,8758.0,6580.0,4660.0,11009.0,10181.0,10553.0,10055.0,12139.0,13236.0,10243.0,12961.0,9461.0,11193.0,10074.0,9232.0,12533.0,10255.0,10299.0,10201.0,3369.0,10096.0,12727.0,12375.0,9603.0,13175.0,22770.0,17298.0,10218.0
16,3276.0,2961.0,3974.0,7198.0,3945.0,2268.0,6155.0,2064.0,2072.0,3809.0,6831.0,4363.0,5002.0,3385.0,6326.0,7243.0,4493.0,4676.0,6222.0,5232.0,3915.0,9105.0,768.0,6910.0,7502.0,2923.0,3800.0,4514.0,5183.0,7303.0,5275.0
17,5135.0,4978.0,6799.0,7795.0,7289.0,9634.0,8940.0,5401.0,4803.0,13743.0,9601.0,6890.0,8563.0,8095.0,9148.0,9557.0,9451.0,7833.0,10319.0,3428.0,6435.0,9108.0,6307.0,7891.0,5267.0,5232.0,10611.0,3755.0,8237.0,6543.0,11451.0
18,7213.0,6877.0,7860.0,6506.0,11140.0,12692.0,9105.0,6708.0,8793.0,6530.0,1664.0,15126.0,15050.0,9167.0,6108.0,7047.0,9023.0,9930.0,10144.0,0.0,10613.0,9810.0,2752.0,7245.0,9454.0,8161.0,8614.0,6943.0,14370.0,12857.0,8232.0
19,11596.0,4832.0,17022.0,16556.0,5771.0,655.0,3727.0,15482.0,2713.0,12346.0,11682.0,4112.0,1807.0,10946.0,11886.0,10538.0,11393.0,12764.0,1202.0,5164.0,16358.0,4926.0,3121.0,9769.0,12848.0,4249.0,14331.0,9632.0,1868.0,6083.0,11611.0
20,8135.0,5077.0,8596.0,12087.0,14269.0,12231.0,9893.0,12574.0,8330.0,10830.0,9172.0,7638.0,15764.0,6393.0,5325.0,6805.0,9841.0,7924.0,12363.0,13368.0,8869.0,4038.0,,7439.0,11045.0,5206.0,7550.0,4950.0,0.0,0.0,3421.0
21,0.0,0.0,0.0,14019.0,14450.0,7150.0,5153.0,11135.0,10449.0,19542.0,8206.0,11495.0,7623.0,0.0,9543.0,9411.0,3403.0,9592.0,6987.0,8915.0,,,,4933.0,0.0,2997.0,9799.0,3365.0,7336.0,7328.0,4477.0
22,4562.0,7142.0,7671.0,9501.0,8301.0,7851.0,6885.0,7142.0,6361.0,0.0,6238.0,0.0,5896.0,7802.0,0.0,5565.0,5731.0,0.0,6744.0,9837.0,0.0,,,6781.0,6047.0,5832.0,6339.0,6116.0,5510.0,7706.0,6277.0
23,0.0,4053.0,5162.0,1282.0,4732.0,2497.0,8294.0,0.0,10771.0,0.0,637.0,0.0,2153.0,6474.0,7091.0,0.0,703.0,0.0,2503.0,2487.0,,,,0.0,9.0,0.0,0.0,4697.0,1967.0,,
24,10199.0,5652.0,1551.0,5563.0,13217.0,10145.0,11404.0,10742.0,13928.0,11835.0,10725.0,20031.0,5029.0,13239.0,10433.0,10320.0,12627.0,10762.0,10081.0,5454.0,15448.0,6722.0,3587.0,12912.0,12109.0,10147.0,10524.0,5908.0,6815.0,4188.0,12342.0
25,14172.0,12862.0,11179.0,5273.0,4631.0,8059.0,14816.0,14194.0,15566.0,13744.0,15299.0,8093.0,11085.0,18229.0,15090.0,13541.0,15128.0,20067.0,3761.0,5600.0,,,,13041.0,14510.0,0.0,15010.0,11459.0,0.0,,
26,11317.0,5813.0,9123.0,8585.0,31.0,0.0,9827.0,10688.0,14365.0,9469.0,9753.0,2817.0,3520.0,10091.0,10387.0,11107.0,11584.0,7881.0,14560.0,12390.0,14433.0,9572.0,3789.0,10052.0,10288.0,10988.0,8564.0,12461.0,12827.0,10677.0,13566.0
27,18060.0,16433.0,20159.0,20669.0,14549.0,18827.0,17076.0,15929.0,15108.0,16057.0,10520.0,22359.0,22988.0,20500.0,12685.0,12422.0,15447.0,12315.0,7135.0,1170.0,14810.0,12209.0,4998.0,1969.0,15484.0,14581.0,14990.0,13953.0,19769.0,22026.0,12465.0
28,9033.0,8053.0,5234.0,2672.0,9256.0,10204.0,5151.0,4212.0,6466.0,11268.0,2824.0,9282.0,8905.0,6829.0,4562.0,10232.0,2718.0,6260.0,0.0,,,,,,,,,,,,
29,7626.0,12386.0,13318.0,14461.0,11207.0,2132.0,13630.0,13070.0,9388.0,15148.0,12200.0,5709.0,3703.0,12405.0,16208.0,7359.0,5417.0,6175.0,2946.0,11419.0,6582.0,9143.0,4561.0,6064.0,8712.0,7875.0,8567.0,7045.0,4468.0,2943.0,8382.0
30,5014.0,5571.0,3135.0,3430.0,5319.0,3008.0,3864.0,5697.0,5273.0,8538.0,8687.0,9423.0,8286.0,4503.0,10499.0,12474.0,6174.0,15168.0,10085.0,4512.0,8240.0,8701.0,0.0,8469.0,12015.0,3588.0,12427.0,5843.0,6117.0,9217.0,9877.0
31,2564.0,1320.0,1219.0,2483.0,244.0,0.0,0.0,0.0,3147.0,144.0,4068.0,5245.0,400.0,0.0,1321.0,1758.0,6157.0,8360.0,7174.0,1619.0,0.0,,,1831.0,2421.0,2283.0,0.0,0.0,0.0,0.0,0.0
32,23186.0,15337.0,21129.0,13422.0,29326.0,15118.0,11423.0,18785.0,19948.0,19377.0,18258.0,11200.0,16674.0,12986.0,11101.0,23629.0,14890.0,9733.0,27745.0,10930.0,10733.0,21420.0,8064.0,4790.0,10818.0,18193.0,14055.0,21727.0,12332.0,10686.0,20226.0
33,955.0,2837.0,6298.0,2830.0,3865.0,12614.0,2268.0,13017.0,2111.0,9126.0,10852.0,4738.0,12218.0,3723.0,5119.0,4079.0,2192.0,4693.0,1941.0,9060.0,8155.0,2010.0,5025.0,3040.0,3524.0,2250.0,7809.0,3938.0,8039.0,4031.0,9295.0
34,3398.0,2766.0,6538.0,5771.0,6447.0,2402.0,4680.0,4012.0,2195.0,6152.0,13516.0,2383.0,2811.0,3682.0,8581.0,6699.0,4770.0,4181.0,4325.0,9405.0,5719.0,3899.0,4526.0,3446.0,3943.0,8234.0,3526.0,2623.0,7503.0,3208.0,4623.0
35,3122.0,7198.0,2762.0,2099.0,10497.0,6738.0,4000.0,5083.0,18744.0,4248.0,3286.0,4115.0,6298.0,6687.0,8156.0,3461.0,5265.0,2744.0,10347.0,3560.0,8032.0,6430.0,6476.0,7183.0,5499.0,6211.0,4442.0,7772.0,12489.0,3864.0,6717.0
36,4022.0,3792.0,9113.0,5477.0,5530.0,13059.0,9022.0,3613.0,7314.0,3057.0,11477.0,7681.0,7665.0,4885.0,2762.0,8062.0,3153.0,5004.0,6702.0,5725.0,9706.0,3700.0,6185.0,6902.0,8035.0,5099.0,6826.0,8274.0,4136.0,3019.0,3133.0
37,4342.0,22242.0,9327.0,16368.0,9277.0,3106.0,2641.0,11812.0,3729.0,5558.0,5370.0,7961.0,12664.0,6234.0,12490.0,9880.0,5923.0,5772.0,5197.0,7145.0,5132.0,5145.0,8616.0,7168.0,5618.0,10849.0,8593.0,4216.0,3620.0,15875.0,3614.0
38,12629.0,8658.0,9261.0,10112.0,7429.0,12836.0,20557.0,1745.0,4526.0,3249.0,6433.0,6913.0,4790.0,3367.0,3384.0,2406.0,12053.0,4297.0,4199.0,4822.0,8650.0,9176.0,7027.0,10915.0,12772.0,5912.0,27302.0,11585.0,16913.0,21312.0,9668.0
39,21252.0,21344.0,11339.0,6447.0,16952.0,5883.0,2238.0,11553.0,7534.0,2542.0,4338.0,6166.0,3855.0,5963.0,5298.0,4374.0,13512.0,9527.0,12193.0,7397.0,14319.0,18234.0,8786.0,15562.0,21784.0,13208.0,9212.0,8919.0,6013.0,9515.0,7032.0
40,18817.0,7792.0,19090.0,5735.0,4757.0,16296.0,14966.0,18026.0,11488.0,23763.0,8229.0,15942.0,18637.0,9592.0,2110.0,12977.0,15563.0,6309.0,15956.0,7818.0,5542.0,11492.0,8493.0,2603.0,7810.0,6922.0,11484.0,11739.0,21953.0,3737.0,6507.0
41,18827.0,5681.0,10716.0,9361.0,14321.0,4488.0,11700.0,12428.0,8179.0,7716.0,9163.0,3494.0,12164.0,9551.0,24480.0,14447.0,8122.0,9678.0,8370.0,3756.0,18588.0,9726.0,5700.0,10379.0,8572.0,7466.0,14018.0,14038.0,15964.0,9888.0,7220.0
42,10831.0,11103.0,1893.0,10380.0,12036.0,13131.0,7407.0,7841.0,6426.0,4502.0,12203.0,5458.0,7674.0,7097.0,5602.0,4134.0,5296.0,4914.0,8234.0,193.0,455.0,3013.0,6833.0,1843.0,12357.0,5122.0,4458.0,5642.0,4365.0,7073.0,3226.0
43,6397.0,4090.0,6669.0,7663.0,2940.0,4578.0,1689.0,4386.0,3526.0,6403.0,4330.0,3512.0,4456.0,3452.0,4436.0,2958.0,10209.0,3539.0,3095.0,3049.0,3798.0,3311.0,5500.0,3581.0,4380.0,4537.0,3653.0,2442.0,2604.0,15466.0,9304.0
44,5654.0,4006.0,4982.0,3183.0,5324.0,6551.0,4399.0,4203.0,5729.0,1419.0,4262.0,3397.0,5812.0,4431.0,8057.0,2469.0,7556.0,3698.0,4239.0,5814.0,15508.0,4409.0,4160.0,6518.0,4173.0,2967.0,2948.0,6407.0,5403.0,3606.0,5195.0
45,2004.0,6042.0,6331.0,4284.0,6505.0,5833.0,3650.0,2543.0,3305.0,5030.0,2302.0,5701.0,5455.0,4606.0,4328.0,2566.0,3611.0,3787.0,3122.0,4101.0,2224.0,2393.0,2325.0,3669.0,7059.0,6950.0,5164.0,3626.0,3494.0,1013.0,5058.0
46,2649.0,3576.0,2323.0,3648.0,2736.0,6126.0,8503.0,933.0,4457.0,1930.0,5414.0,9271.0,6773.0,8991.0,4243.0,5189.0,7233.0,9046.0,6418.0,3968.0,3682.0,3630.0,5272.0,4129.0,7173.0,2051.0,3801.0,2672.0,3596.0,3976.0,3682.0
47,9088.0,4478.0,7969.0,11539.0,4286.0,4753.0,5085.0,6081.0,5576.0,2291.0,2633.0,2715.0,2823.0,9667.0,8278.0,3010.0,2529.0,2032.0,3608.0,10385.0,2165.0,3803.0,16436.0,3978.0,6385.0,1827.0,4682.0,1796.0,6594.0,6165.0,8854.0
48,3423.0,6880.0,5992.0,14376.0,3113.0,6226.0,19730.0,2364.0,9338.0,9920.0,9360.0,6674.0,18653.0,2893.0,11127.0,8874.0,13965.0,12558.0,10993.0,14309.0,11020.0,13648.0,10268.0,12035.0,10815.0,14981.0,19365.0,10657.0,10719.0,10879.0,14014.0
49,10631.0,16134.0,14908.0,10801.0,12535.0,10969.0,10173.0,11664.0,10237.0,12877.0,10034.0,10439.0,10425.0,10332.0,10956.0,4175.0,12277.0,10500.0,10288.0,10680.0,14228.0,10060.0,10902.0,6298.0,17860.0,9735.0,10760.0,12594.0,11484.0,13574.0,8830.0
50,11442.0,5717.0,14901.0,7341.0,12012.0,9045.0,15378.0,16570.0,10344.0,10643.0,11934.0,11315.0,14767.0,20515.0,11400.0,10299.0,3406.0,12525.0,12919.0,9042.0,14755.0,8683.0,12777.0,9714.0,11552.0,14694.0,5073.0,12205.0,11555.0,10239.0,10885.0
51,13352.0,10721.0,16764.0,5261.0,10912.0,12128.0,11768.0,10644.0,11575.0,15386.0,14066.0,17742.0,11687.0,7616.0,13930.0,11278.0,11547.0,10912.0,10833.0,12939.0,11290.0,10311.0,12727.0,12655.0,9662.0,9561.0,12310.0,10344.0,9731.0,12694.0,20083.0
52,8700.0,9438.0,13085.0,16857.0,13078.0,16300.0,8109.0,7390.0,7731.0,6684.0,7674.0,7418.0,6509.0,7746.0,2572.0,8003.0,6686.0,7731.0,5262.0,5974.0,7151.0,5643.0,6612.0,4123.0,5360.0,5764.0,2991.0,4590.0,2902.0,5495.0,4555.0
53,905.0,18925.0,14228.0,6756.0,5002.0,7079.0,5614.0,8169.0,19971.0,8052.0,11998.0,12425.0,6007.0,16291.0,6111.0,17928.0,13892.0,5109.0,4043.0,7497.0,8049.0,5065.0,21479.0,18995.0,16836.0,15944.0,14273.0,16006.0,13594.0,15048.0,19044.0
54,13925.0,11338.0,7014.0,15449.0,11092.0,26444.0,12335.0,14137.0,11568.0,16813.0,15217.0,13158.0,19311.0,16186.0,12713.0,9132.0,20239.0,11199.0,20269.0,11655.0,12314.0,12585.0,12445.0,14193.0,11056.0,15695.0,9747.0,15731.0,8391.0,8326.0,14241.0
55,7297.0,10644.0,12370.0,7058.0,12168.0,15135.0,14995.0,8704.0,12739.0,13247.0,11066.0,13702.0,11024.0,13262.0,9009.0,15779.0,6173.0,11614.0,13046.0,10.0,10068.0,14105.0,9193.0,17497.0,5765.0,15362.0,9087.0,14502.0,14652.0,7627.0,13877.0
56,11433.0,13655.0,13535.0,1883.0,11354.0,11532.0,6129.0,6237.0,15572.0,10886.0,12213.0,12929.0,16365.0,17252.0,14537.0,13404.0,10094.0,10032.0,14008.0,12149.0,19977.0,11924.0,10757.0,12229.0,10033.0,11689.0,15627.0,10681.0,7907.0,9487.0,8253.0
57,22238.0,10065.0,12038.0,11048.0,9199.0,9564.0,9019.0,10238.0,7739.0,12062.0,14225.0,3858.0,17602.0,10699.0,7261.0,10607.0,12270.0,9998.0,5757.0,8995.0,7553.0,6494.0,7951.0,7423.0,6813.0,3991.0,9725.0,8936.0,6565.0,7865.0,8718.0
58,12364.0,5216.0,6058.0,7015.0,8103.0,6962.0,16477.0,11603.0,11429.0,6292.0,7269.0,4471.0,17913.0,5431.0,11672.0,14777.0,9171.0,8807.0,5622.0,12091.0,8805.0,7107.0,3862.0,7367.0,6269.0,8052.0,8116.0,8267.0,14489.0,9212.0,9005.0
59,11151.0,12350.0,10067.0,5574.0,11587.0,9499.0,13788.0,18361.0,14055.0,11927.0,15220.0,8568.0,3284.0,9408.0,10261.0,8218.0,9076.0,10769.0,11671.0,14444.0,23313.0,16081.0,10745.0,10784.0,10074.0,8531.0,12738.0,13052.0,15884.0,10026.0,11868.0
60,12380.0,7157.0,7055.0,9347.0,8566.0,9786.0,8371.0,9427.0,13742.0,15636.0,12777.0,7377.0,0.0,6452.0,7837.0,6504.0,6444.0,7845.0,12026.0,12154.0,7801.0,10046.0,13837.0,12517.0,10366.0,12127.0,11327.0,11097.0,12395.0,6643.0,8846.0
61,9642.0,9982.0,6612.0,12161.0,14837.0,16759.0,9602.0,3761.0,7456.0,16755.0,11937.0,14577.0,17541.0,39.0,6061.0,13073.0,9997.0,10707.0,9952.0,9774.0,6026.0,11425.0,10466.0,12866.0,2449.0,10434.0,10434.0,12578.0,15373.0,12327.0,10457.0
62,9009.0,8966.0,8353.0,13907.0,14183.0,8453.0,7995.0,6707.0,8109.0,11970.0,11370.0,2019.0,6592.0,8624.0,8307.0,7941.0,8005.0,9923.0,9504.0,6847.0,11618.0,10045.0,11478.0,10065.0,3103.0,6096.0,16699.0,14068.0,18092.0,18053.0,14587.0
63,9992.0,0.0,9336.0,15595.0,25385.0,14577.0,16667.0,13360.0,6754.0,5423.0,17913.0,14324.0,8049.0,11122.0,9057.0,4667.0,0.0,9781.0,21383.0,20109.0,11013.0,8025.0,8682.0,17535.0,20154.0,23285.0,13004.0,13440.0,10216.0,5633.0,17422.0
64,4948.0,16573.0,18002.0,4126.0,3869.0,10004.0,14565.0,6295.0,12424.0,7964.0,9518.0,4088.0,1958.0,4534.0,2569.0,10398.0,4276.0,4591.0,3164.0,5880.0,2499.0,7824.0,9053.0,12367.0,11307.0,1531.0,2585.0,12141.0,9159.0,15682.0,16859.0
65,1480.0,19521.0,4950.0,3575.0,11677.0,3755.0,5117.0,5896.0,3294.0,7644.0,9196.0,11668.0,4698.0,13407.0,10886.0,3912.0,9188.0,5231.0,13878.0,11051.0,8004.0,30386.0,37375.0,26579.0,29694.0,23866.0,30013.0,21101.0,22026.0,1895.0,7038.0
66,13270.0,9896.0,13112.0,15140.0,2522.0,10103.0,20349.0,9983.0,20540.0,7053.0,4499.0,5678.0,11777.0,3154.0,20699.0,16828.0,14564.0,27465.0,7126.0,3530.0,19395.0,22027.0,14825.0,28426.0,21696.0,821.0,11925.0,19729.0,24865.0,17319.0,22108.0
67,27582.0,13132.0,16795.0,27038.0,14171.0,11759.0,22070.0,14260.0,11559.0,12764.0,27581.0,26044.0,12709.0,12728.0,20143.0,8596.0,8501.0,14931.0,11955.0,17636.0,15932.0,18123.0,5026.0,9142.0,19683.0,21144.0,15255.0,18885.0,12161.0,3785.0,2500.0
68,13106.0,12277.0,11645.0,16011.0,21420.0,0.0,0.0,0.0,0.0,0.0,0.0,0.0,0.0,12045.0,15082.0,21065.0,12903.0,28063.0,19197.0,12004.0,8219.0,19781.0,27085.0,30265.0,14753.0,11071.0,1244.0,17736.0,26795.0,13561.0,16191.0
69,18566.0,14748.0,7404.0,145.0,0.0,0.0,0.0,0.0,0.0,0.0,10575.0,15274.0,15986.0,23345.0,23901.0,15237.0,4352.0,5291.0,8547.0,17119.0,25874.0,21677.0,22065.0,6318.0,17824.0,14187.0,18272.0,15063.0,12390.0,14532.0,11376.0
70,14737.0,13436.0,30190.0,16513.0,19682.0,2207.0,3443.0,9662.0,13192.0,18606.0,17586.0,21344.0,16311.0,9921.0,6737.0,13734.0,11587.0,12303.0,15141.0,11619.0,17816.0,4327.0,14434.0,12083.0,23947.0,19426.0,8535.0,12832.0,1240.0,12886.0,15865.0
71,10835.0,10000.0,22077.0,10512.0,3333.0,17520.0,14459.0,20565.0,24919.0,13301.0,11995.0,4267.0,13909.0,9744.0,18838.0,13645.0,22452.0,10979.0,19452.0,13637.0,27032.0,20437.0,12226.0,21049.0,12603.0,2753.0,15457.0,20188.0,11157.0,13039.0,16310.0
72,6426.0,805.0,828.0,22320.0,17713.0,6207.0,1516.0,11295.0,10440.0,14209.0,11725.0,20166.0,23969.0,13294.0,10972.0,14802.0,23473.0,14445.0,16882.0,13698.0,17057.0,3429.0,3269.0,13387.0,13882.0,5230.0,0.0,0.0,0.0,0.0,0.0
73,0.0,0.0,55.0,5912.0,834.0,5984.0,9029.0,11806.0,10917.0,9390.0,7200.0,19223.0,3540.0,36318.0,26012.0,21264.0,21099.0,17218.0,0.0,0.0,20915.0,23366.0,32974.0,6910.0,4586.0,903.0,5026.0,22002.0,20949.0,18709.0,9121.0
74,23131.0,18877.0,2968.0,18119.0,8868.0,12592.0,16910.0,15071.0,1146.0,1231.0,13076.0,25369.0,11828.0,13386.0,12221.0,2403.0,1367.0,4096.0,16099.0,9849.0,19111.0,17162.0,1161.0,4920.0,10688.0,15290.0,22507.0,14097.0,12988.0,7721.0,3296.0
75,18924.0,18336.0,15375.0,20230.0,11657.0,10972.0,37255.0,24167.0,18940.0,11702.0,12548.0,13242.0,4238.0,16954.0,10228.0,11196.0,14413.0,6720.0,16906.0,32210.0,36537.0,23665.0,443.0,22493.0,1154.0,22243.0,3299.0,15212.0,977.0,0.0,0.0
76,171.0,10750.0,12307.0,3169.0,3887.0,3766.0,4578.0,7143.0,13748.0,15947.0,9360.0,5966.0,3809.0,5900.0,9813.0,6429.0,13506.0,3544.0,5936.0,12618.0,17604.0,10338.0,6952.0,26122.0,20480.0,5272.0,10354.0,10016.0,5778.0,4579.0,10868.0
77,2234.0,3674.0,11315.0,17788.0,5459.0,8960.0,13480.0,19051.0,11668.0,7808.0,5347.0,14994.0,5108.0,17437.0,2160.0,4657.0,4862.0,2770.0,5164.0,5071.0,26745.0,14538.0,3858.0,4713.0,5496.0,6548.0,15384.0,10228.0,10153.0,16628.0,18676.0
78,4904.0,19022.0,5025.0,10115.0,4262.0,2402.0,811.0,2538.0,4737.0,2710.0,14709.0,10059.0,11211.0,2695.0,4565.0,7260.0,14818.0,21404.0,7558.0,12012.0,8734.0,4006.0,6238.0,17688.0,37126.0,23826.0,7119.0,4015.0,12065.0,2553.0,14331.0
79,17125.0,4690.0,2599.0,8692.0,13583.0,17925.0,5911.0,17040.0,10490.0,4005.0,5645.0,6877.0,5650.0,9389.0,15915.0,11850.0,5985.0,18335.0,2866.0,8896.0,10408.0,17635.0,2665.0,7802.0,4885.0,3002.0,10176.0,3166.0,18094.0,30841.0,8752.0
80,3372.0,4600.0,5834.0,9773.0,14669.0,4788.0,4452.0,14137.0,10044.0,4408.0,8603.0,30522.0,19075.0,26213.0,25523.0,34543.0,27355.0,18863.0,4769.0,3292.0,6755.0,4751.0,6485.0,5488.0,4635.0,10977.0,6681.0,8778.0,6915.0,5033.0,5054.0
81,6362.0,9091.0,14455.0,3367.0,6486.0,7563.0,4392.0,5042.0,13621.0,4616.0,7231.0,5318.0,8963.0,15129.0,4420.0,3414.0,15392.0,10098.0,6357.0,6131.0,9406.0,7649.0,2809.0,469.0,8055.0,8290.0,7222.0,3469.0,5054.0,12440.0,542.0
82,5090.0,3102.0,4217.0,8765.0,8531.0,5692.0,324.0,4251.0,11415.0,3822.0,2727.0,8457.0,9790.0,2394.0,4075.0,11289.0,13383.0,6632.0,4536.0,4204.0,9053.0,9377.0,7817.0,5089.0,3702.0,8291.0,5275.0,658.0,5648.0,3628.0,4327.0
83,4870.0,12568.0,4162.0,2430.0,4813.0,13753.0,3183.0,4000.0,10766.0,10511.0,1901.0,6269.0,646.0,2541.0,562.0,10005.0,2837.0,25469.0,307.0,2164.0,10611.0,430.0,1963.0,8411.0,2632.0,690.0,4145.0,1759.0,10697.0,8593.0,635.0
84,2743.0,671.0,3083.0,685.0,777.0,5282.0,1549.0,7053.0,6663.0,4705.0,3715.0,23706.0,844.0,43.0,26052.0,10567.0,8427.0,31246.0,4258.0,16689.0,1127.0,9111.0,2531.0,4145.0,2485.0,10731.0,3814.0,1801.0,8889.0,2329.0,13372.0
85,9698.0,18029.0,6383.0,11154.0,8192.0,3394.0,12591.0,19825.0,6986.0,12846.0,6938.0,10075.0,3224.0,3475.0,271.0,3812.0,2932.0,5017.0,3783.0,3043.0,16682.0,18167.0,6364.0,17737.0,3654.0,11302.0,2948.0,14543.0,15170.0,3675.0,8215.0
86,12053.0,6464.0,6345.0,13224.0,21348.0,11797.0,4803.0,7480.0,7805.0,3092.0,4592.0,451.0,34.0,1171.0,5350.0,2332.0,2442.0,2410.0,5882.0,2902.0,2542.0,6775.0,2692.0,19909.0,6245.0,3019.0,3896.0,12281.0,31019.0,32547.0,23500.0
87,12748.0,22217.0,9083.0,26254.0,23288.0,13955.0,19165.0,29079.0,5382.0,8178.0,23292.0,23681.0,3534.0,2886.0,4720.0,775.0,511.0,961.0,482.0,456.0,4453.0,12219.0,9761.0,15949.0,3347.0,25854.0,895.0,873.0,7851.0,4060.0,660.0
88,2462.0,12813.0,2348.0,1059.0,8586.0,20205.0,12935.0,866.0,2405.0,437.0,10996.0,30821.0,10259.0,12198.0,11353.0,7967.0,4646.0,11496.0,11762.0,25523.0,16878.0,10058.0,550.0,9824.0,16021.0,23052.0,2037.0,6853.0,8010.0,9754.0,11912.0
89,6404.0,6583.0,23325.0,6893.0,15944.0,504.0,4112.0,21672.0,7441.0,21969.0,942.0,11204.0,19549.0,14428.0,32452.0,11609.0,7496.0,17544.0,748.0,4837.0,4332.0,19088.0,24347.0,675.0,2831.0,6193.0,13472.0,1008.0,11770.0,14775.0,1012.0
90,1323.0,15506.0,2099.0,1110.0,26510.0,809.0,530.0,4034.0,639.0,2923.0,29767.0,14913.0,3105.0,1037.0,16949.0,8090.0,15858.0,5417.0,14412.0,9136.0,16284.0,7484.0,7074.0,1888.0,7703.0,8984.0,10729.0,8965.0,7195.0,438.0,24.0
91,11337.0,6081.0,13673.0,8837.0,7871.0,7678.0,10879.0,12689.0,13143.0,12496.0,8483.0,5864.0,8635.0,13707.0,18422.0,7753.0,7408.0,7766.0,852.0,2517.0,655.0,1745.0,19099.0,2495.0,857.0,7736.0,6140.0,509.0,4168.0,9752.0,12261.0
92,3755.0,13960.0,8378.0,19272.0,4054.0,8739.0,15103.0,12331.0,7075.0,13357.0,2073.0,15394.0,10022.0,6804.0,11046.0,15581.0,1824.0,8859.0,9357.0,19897.0,12881.0,5896.0,4795.0,12115.0,3939.0,10635.0,6920.0,14052.0,10861.0,18771.0,16760.0
93,12539.0,13883.0,4627.0,6390.0,7008.0,3229.0,3230.0,1582.0,7988.0,6134.0,2419.0,11046.0,1144.0,1622.0,1197.0,526.0,3882.0,4517.0,2587.0,2884.0,3244.0,219.0,492.0,1624.0,2592.0,10810.0,272.0,0.0,14.0,0.0,6532.0
94,4603.0,7273.0,4046.0,10475.0,23843.0,24505.0,9186.0,5143.0,8013.0,1979.0,3689.0,14.0,684.0,6934.0,2719.0,2147.0,1966.0,7936.0,10513.0,7559.0,4874.0,2637.0,4818.0,6953.0,2776.0,5822.0,7178.0,5216.0,9581.0,7766.0,6580.0
95,10123.0,1869.0,9915.0,5955.0,4094.0,4193.0,1749.0,5862.0,9064.0,7124.0,2356.0,28.0,12.0,11047.0,7587.0,1019.0,9078.0,10551.0,10937.0,9095.0,1805.0,29176.0,4684.0,21642.0,5751.0,7934.0,11385.0,1778.0,4766.0,6527.0,10433.0
96,5956.0,5311.0,1556.0,5918.0,3928.0,1318.0,5473.0,8603.0,4750.0,10434.0,0.0,14087.0,15202.0,17939.0,5738.0,4860.0,2791.0,9891.0,11570.0,12026.0,53.0,11653.0,5989.0,9444.0,3761.0,14976.0,3231.0,0.0,13890.0,1745.0,8975.0
97,11950.0,13624.0,19299.0,23412.0,10676.0,3383.0,2737.0,1692.0,7544.0,1219.0,11553.0,12452.0,9380.0,2269.0,9241.0,30526.0,25973.0,11923.0,21917.0,3936.0,9807.0,9447.0,9955.0,11187.0,7292.0,9365.0,12058.0,12122.0,8974.0,22522.0,11359.0
98,10055.0,20455.0,11491.0,8526.0,13164.0,8293.0,11166.0,0.0,6955.0,10176.0,14546.0,9013.0,10031.0,8980.0,6940.0,2474.0,9711.0,6419.0,2148.0,10353.0,13815.0,3127.0,9157.0,13611.0,9869.0,2421.0,1280.0,8453.0,6624.0,7286.0,7313.0
99,9048.0,18547.0,20401.0,15028.0,30382.0,23829.0,7037.0,7952.0,4801.0,10577.0,1360.0,6830.0,8262.0,6053.0,8666.0,1718.0,8502.0,3300.0,10093.0,11186.0,13892.0,4487.0,2009.0,2506.0,8194.0,9059.0,8123.0,7416.0,7737.0,11177.0,12242.0
100,7889.0,10354.0,2540.0,9344.0,10857.0,8186.0,6404.0,10495.0,12853.0,2849.0,12215.0,4065.0,7143.0,2701.0,9280.0,12830.0,8382.0,9773.0,10074.0,2276.0,4553.0,19479.0,14295.0,7550.0,8012.0,17709.0,11018.0,7934.0,10819.0,19384.0,4300.0
101,6712.0,8164.0,10398.0,6358.0,8166.0,7470.0,8302.0,8868.0,1999.0,7229.0,7848.0,8955.0,8210.0,4847.0,2271.0,10025.0,10453.0,3418.0,9694.0,9607.0,7005.0,5377.0,4479.0,10829.0,8698.0,10019.0,1045.0,3391.0,2731.0,4963.0,14142.0
102,5739.0,8073.0,8866.0,13392.0,15964.0,6875.0,8287.0,15629.0,25209.0,9637.0,21233.0,23896.0,21769.0,12326.0,10161.0,11322.0,13935.0,5846.0,8212.0,9077.0,7702.0,20895.0,7794.0,9756.0,8114.0,4107.0,11765.0,8472.0,6528.0,7766.0,7860.0
103,10462.0,16773.0,6531.0,4018.0,16446.0,10440.0,12626.0,7919.0,22259.0,30448.0,10783.0,20871.0,10005.0,8498.0,8061.0,12019.0,4771.0,10819.0,2825.0,10103.0,9402.0,10081.0,3550.0,7171.0,1066.0,1635.0,0.0,17573.0,12705.0,2940.0,3185.0
104,6914.0,9528.0,10076.0,11509.0,6987.0,6959.0,6040.0,12974.0,2464.0,10887.0,7710.0,4187.0,7103.0,7573.0,7209.0,4196.0,9386.0,6356.0,7139.0,8763.0,10314.0,8784.0,7494.0,7628.0,7076.0,13518.0,4318.0,13996.0,3799.0,6401.0,2842.0
105,9281.0,10315.0,10128.0,5551.0,10485.0,7046.0,9909.0,14098.0,10299.0,10266.0,11638.0,2269.0,5526.0,11300.0,12929.0,6407.0,6769.0,2687.0,863.0,13100.0,9088.0,11640.0,6584.0,4105.0,16251.0,11271.0,2320.0,4570.0,10391.0,7676.0,5748.0
106,2605.0,11112.0,3691.0,8670.0,12548.0,7884.0,5718.0,6570.0,7477.0,3561.0,9637.0,689.0,8782.0,11100.0,10366.0,7072.0,2303.0,1353.0,9743.0,12201.0,9283.0,13363.0,3063.0,10501.0,16798.0,20192.0,22258.0,4242.0,10193.0,8593.0,4733.0
107,9650.0,8215.0,3685.0,1132.0,1540.0,8259.0,7755.0,24003.0,25246.0,15295.0,2093.0,9927.0,25094.0,15225.0,18389.0,17264.0,8408.0,8419.0,5013.0,2870.0,10160.0,11940.0,9756.0,11308.0,4952.0,1881.0,4626.0,3456.0,691.0,8308.0,9974.0
108,4815.0,8249.0,5052.0,1441.0,11246.0,9607.0,6581.0,2480.0,8430.0,12381.0,8678.0,1473.0,8936.0,10061.0,6361.0,6456.0,4681.0,7922.0,6470.0,9012.0,8896.0,2149.0,10525.0,10985.0,11345.0,2580.0,9038.0,7874.0,3347.0,2340.0,5085.0
109,7991.0,10862.0,7667.0,8624.0,10422.0,10574.0,3678.0,290.0,9879.0,16030.0,8018.0,6619.0,7094.0,8793.0,8251.0,10404.0,445.0,6714.0,9894.0,13369.0,10908.0,9717.0,5487.0,8465.0,7812.0,3513.0,6326.0,9415.0,8694.0,7636.0,8741.0
110,3996.0,6798.0,10691.0,7427.0,2519.0,998.0,6838.0,10034.0,9920.0,2927.0,2734.0,2306.0,9290.0,7911.0,7535.0,2299.0,13651.0,9995.0,10085.0,1576.0,9451.0,5696.0,4081.0,1656.0,2812.0,7960.0,3040.0,4385.0,8760.0,10300.0,4908.0
111,5218.0,8387.0,3462.0,10243.0,9921.0,8042.0,3208.0,1237.0,2263.0,8791.0,9149.0,7248.0,5036.0,7735.0,2534.0,7144.0,7053.0,8820.0,3582.0,9219.0,7805.0,2871.0,10195.0,1763.0,6429.0,3929.0,8874.0,3358.0,4609.0,7722.0,7234.0
112,7930.0,9923.0,7442.0,2306.0,3346.0,9217.0,9130.0,7088.0,11182.0,4198.0,5498.0,3489.0,9785.0,63.0,0.0,0.0,153.0,0.0,0.0,0.0,7790.0,6156.0,8833.0,3019.0,11576.0,4097.0,7103.0,8835.0,7465.0,9415.0,2623.0
113,145.0,10093.0,2672.0,15661.0,6730.0,10088.0,7257.0,3382.0,6161.0,8266.0,6441.0,5967.0,2163.0,2297.0,1154.0,9316.0,1349.0,5282.0,1130.0,8962.0,6041.0,542.0,2873.0,1085.0,6976.0,7955.0,12171.0,1954.0,3135.0,2492.0,6233.0
114,7537.0,10008.0,6912.0,7552.0,6789.0,4219.0,9260.0,5519.0,4465.0,8057.0,6095.0,5260.0,5613.0,8754.0,5993.0,4515.0,6534.0,4442.0,4498.0,4863.0,3256.0,3892.0,4363.0,7749.0,4469.0,4521.0,4208.0,3353.0,6925.0,6217.0,6282.0
115,3384.0,4038.0,3620.0,3942.0,6091.0,6245.0,6744.0,6563.0,5621.0,7127.0,5736.0,7279.0,10634.0,9793.0,6566.0,4058.0,3347.0,7546.0,7219.0,7805.0,5762.0,5707.0,2232.0,7071.0,7443.0,5423.0,8305.0,2978.0,2966.0,4727.0,2501.0
116,8017.0,4002.0,2379.0,0.0,8051.0,6504.0,8310.0,670.0,53.0,6957.0,0.0,7975.0,8070.0,4431.0,12865.0,0.0,5055.0,6968.0,7387.0,6078.0,0.0,0.0,2005.0,10291.0,7450.0,7000.0,7256.0,5561.0,8258.0,6831.0,6403.0
117,8430.0,0.0,5364.0,7459.0,0.0,0.0,6228.0,0.0,8546.0,7679.0,7178.0,0.0,0.0,5769.0,6409.0,8423.0,8454.0,7365.0,604.0,0.0,6477.0,6596.0,7782.0,8083.0,3231.0,0.0,21.0,6646.0,6760.0,5871.0,6508.0
118,9462.0,0.0,0.0,0.0,0.0,0.0,0.0,0.0,0.0,15.0,0.0,0.0,6327.0,6888.0,7124.0,7185.0,6859.0,12380.0,3527.0,0.0,8578.0,7691.0,5938.0,7558.0,6670.0,0.0,0.0,6605.0,5981.0,6479.0,6110.0
119,6663.0,0.0,6285.0,7315.0,5957.0,6714.0,7512.0,0.0,0.0,2468.0,6319.0,7158.0,6086.0,7218.0,5723.0,0.0,0.0,6409.0,7613.0,6271.0,6531.0,11436.0,0.0,0.0,6670.0,7923.0,9173.0,8967.0,4098.0,0.0,0.0
120,8676.0,9663.0,0.0,0.0,0.0,0.0,0.0,8339.0,0.0,0.0,0.0,0.0,0.0,0.0,0.0,0.0,0.0,0.0,0.0,0.0,3640.0,3769.0,3584.0,0.0,0.0,0.0,0.0,0.0,0.0,4033.0,0.0
121,0.0,5258.0,0.0,0.0,0.0,0.0,0.0,0.0,0.0,0.0,0.0,3808.0,0.0,0.0,0.0,0.0,12981.0,9172.0,9787.0,8834.0,1768.0,4583.0,8669.0,11694.0,7825.0,4142.0,8263.0,4856.0,0.0,3363.0,9347.0
122,5807.0,6752.0,8214.0,48.0,0.0,8504.0,8800.0,6783.0,44738.0,16672.0,17790.0,0.0,5774.0,8367.0,8313.0,7252.0,11023.0,0.0,626.0,0.0,5413.0,8783.0,4555.0,4589.0,4020.0,4763.0,5815.0,0.0,6790.0,6550.0,5662.0
123,13817.0,487.0,7131.0,7051.0,0.0,4029.0,5459.0,0.0,0.0,9278.0,0.0,5361.0,6359.0,7621.0,3815.0,5679.0,5755.0,6046.0,9987.0,5679.0,5618.0,0.0,0.0,7199.0,6452.0,2446.0,0.0,0.0,0.0,3672.0,0.0
124,3652.0,0.0,4834.0,3859.0,1330.0,3058.0,5504.0,0.0,5926.0,4789.0,7569.0,2616.0,0.0,7413.0,6539.0,6849.0,8174.0,6046.0,0.0,0.0,0.0,8017.0,4002.0,2379.0,0.0,8051.0,6504.0,8310.0,670.0,53.0,6957.0
125,0.0,7975.0,8070.0,4431.0,12865.0,0.0,5055.0,6968.0,7387.0,6078.0,0.0,0.0,2005.0,10291.0,7450.0,7000.0,7256.0,5561.0,8258.0,6831.0,6403.0,8430.0,0.0,5364.0,7459.0,0.0,0.0,6228.0,0.0,8546.0,7679.0
126,7178.0,0.0,0.0,5769.0,6409.0,8423.0,8454.0,7365.0,604.0,0.0,6477.0,6596.0,7782.0,8083.0,3231.0,0.0,21.0,6646.0,6760.0,5871.0,6508.0,9462.0,0.0,0.0,0.0,0.0,0.0,0.0,0.0,0.0,15.0
127,0.0,0.0,6327.0,6888.0,7124.0,7185.0,6859.0,12380.0,3527.0,0.0,8578.0,7691.0,5938.0,7558.0,6670.0,0.0,0.0,6605.0,5981.0,6479.0,6110.0,6663.0,0.0,6285.0,7315.0,5957.0,6714.0,7512.0,0.0,0.0,2468.0
128,6319.0,7158.0,6086.0,7218.0,5723.0,0.0,0.0,6409.0,7613.0,6271.0,6531.0,11436.0,0.0,0.0,6670.0,7923.0,9173.0,8967.0,4098.0,0.0,0.0,8676.0,9663.0,0.0,0.0,0.0,0.0,0.0,8339.0,0.0,0.0
129,0.0,0.0,0.0,0.0,0.0,0.0,0.0,0.0,0.0,0.0,3640.0,3769.0,3584.0,0.0,0.0,0.0,0.0,0.0,0.0,4033.0,0.0,0.0,5258.0,0.0,0.0,0.0,0.0,0.0,0.0,0.0,0.0
130,0.0,3808.0,0.0,0.0,0.0,0.0,12981.0,9172.0,9787.0,8834.0,1768.0,4583.0,8669.0,11694.0,7825.0,4142.0,8263.0,4856.0,0.0,3363.0,9347.0,5807.0,6752.0,8214.0,48.0,0.0,8504.0,8800.0,6783.0,44738.0,16672.0
131,17790.0,0.0,5774.0,8367.0,8313.0,7252.0,11023.0,0.0,626.0,0.0,5413.0,8783.0,4555.0,4589.0,4020.0,4763.0,5815.0,0.0,6790.0,6550.0,5662.0,13817.0,487.0,7131.0,7051.0,0.0,4029.0,5459.0,0.0,0.0,9278.0
132,0.0,5361.0,6359.0,7621.0,3815.0,5679.0,5755.0,6046.0,9987.0,5679.0,5618.0,0.0,0.0,7199.0,6452.0,2446.0,0.0,0.0,0.0,3672.0,0.0,3652.0,0.0,4834.0,3859.0,1330.0,3058.0,5504.0,0.0,5926.0,4789.0
